Workbook

Sheet 总览
A1: SHELLSTORM 2 · 特效美术账本 v0.1
A3: 归属域=特效｜覆盖大类=特效｜AssetID 前缀=VFX / FX｜主账本（总目录）=assets/registry/ShellStorm2_美术资产台账_v001.xlsx；本账本可独立并行编辑，跨域契约见主账本
A5: 资产总数 | C5: 已完成/已接入 | E5: 待制作/程序占位 | G5: 重复警报 | I5: 域内专表 / 3D Prefab 分页
A6: =COUNTA('资产主表'!$A$6:$A$21) | C6: =COUNTIF('资产主表'!$K$6:$K$21,"已完成")+COUNTIF('资产主表'!$K$6:$K$21,"原型已接入")+COUNTIF('资产主表'!$K$6:$K$21,"正式美术已接入")+COUNTIF('资产主表'!$K$6:$K$21,"已优化并正式接入")+COUNTIF('资产主表'!$K$6:$K$21,"Blender源已完成")+COUNTIF('资产主表'!$K$6:$K$21,"已导入；优化完成") | E6: =COUNTIF('资产主表'!$K$6:$K$21,"待制作")+COUNTIF('资产主表'!$K$6:$K$21,"程序占位") | G6: =COUNTIF('资产主表'!$S$6:$S$21,"重复") | I6: 域内专表：3D-特效 | 3D Prefab 分页：3D-特效
A9: 大类 | B9: 资产数 | C9: 完成/接入 | E9: 本账本只登记上列大类；跨域搬运资产须同步主账本《分类与编码》并重跑门禁
A10: 特效 | B10: =COUNTIF('资产主表'!$C$6:$C$21,A10) | C10: =SUMPRODUCT(('资产主表'!$C$6:$C$21=A10)*(('资产主表'!$K$6:$K$21="已完成")+('资产主表'!$K$6:$K$21="原型已接入")+('资产主表'!$K$6:$K$21="正式美术已接入")+('资产主表'!$K$6:$K$21="已优化并正式接入")+('资产主表'!$K$6:$K$21="Blender源已完成")+('资产主表'!$K$6:$K$21="已导入；优化完成")))
A11: 合计 | B11: =SUM(B10:B10) | C11: =SUM(C10:C10)
A13: 域内 3D Prefab 分页统计（快照口径与本账本分页一致；权威清单在各分页表）
A14: 分页 | B14: Prefab 数 | C14: 直接引用 GLB | D14: 有功能脚本 | E14: 碰撞开启 | F14: 说明
A15: 3D-特效 | B15: =COUNTA('3D-特效'!$A$5:$A$204) | C15: =COUNTIF('3D-特效'!$D$5:$D$204,"<>") | D15: =COUNTIF('3D-特效'!$G$5:$G$204,"<>") | E15: =COUNTIF('3D-特效'!$H$5:$H$204,"开") | F15: 一行 = 一个实际存在的 Godot PackedScene
A16: 合计 | B16: =SUM(B15:B15) | C16: =SUM(C15:C15) | D16: =SUM(D15:D15) | E16: =SUM(E15:E15)

Sheet 账本说明
A1: 本账本说明 · 特效
A3: 本表是分账本自描述；机器可读真源为 assets/registry/ledger_index.json，二者不一致时以 JSON 为准
A5: 项 | B5: 值
A6: 账本归属域 | B6: 特效
A7: 分账本文件 | B7: assets/registry/ledgers/ShellStorm2_特效账本_v001.xlsx
A8: 覆盖大类 | B8: 特效
A9: AssetID 前缀 | B9: VFX / FX
A10: 域内专表 | B10: 3D-特效
A11: 3D Prefab 分页 | B11: 3D-特效
A12: 动画登记表 | B12: 无
A13: 主账本（总目录） | B13: assets/registry/ShellStorm2_美术资产台账_v001.xlsx
A14: 跨域契约 | B14: 分类与编码 / 命名与查重 / 版本记录 / Skill 清单 / 3D Prefab 总控 —— 全部只在主账本维护
A15: 首选制作 Skill | B15: godot-model-asset-import-standard
A16: 协作 Skill | B16: 无
... A23: 快照日期 | B23: 2026-09-18

Sheet 资产主表
A1: 资产主表 · 唯一登记源
A3: 查重键由公式生成；S 列出现“重复”时禁止制作，先合并或建立变体父子关系
A5: AssetID | B5: 中文名 | C5: 大类 | D5: 子类 | E5: 逻辑ID/源键 | F5: 组件槽 | G5: 变体父ID | H5: 视角 | I5: 状态/动画 | J5: 复用范围 | K5: 制作状态 | L5: 优先级 | M5: 版本 | N5: 规格(px) | O5: 文件路径 | P5: 源码/策划依据 | Q5: 关键词/别名 | R5: 查重键 | S5: 查重结果 | T5: SHA-256 | U5: 负责人 | V5: 更新时间 | W5: 来源/许可 | X5: 源编号（Blender collection） | Y5: 备注
A6: VFX-PLY-DASH-TRAIL | B6: 玩家冲刺尾迹 | C6: 特效 | D6: player_state | E6: player_dash | F6: root | H6: 侧面朝右（可水平翻转） | I6: dashing | J6: 玩家状态 | K6: 弃用 | L6: P1 | M6: v001 | N6: 待定 | R6: =LOWER(TRIM(C6)&"|"&TRIM(D6)&"|"&TRIM(E6)&"|"&TRIM(F6)&"|"&TRIM(H6)&"|"&TRIM(I6)) | S6: =IF(COUNTIF($R$6:$R$21,R6)>1,"重复","唯一") | U6: 待分配 | V6: 46243 | W6: 原创/待确认 | X6: — | Y6: 2026-08-09：旧2D PlayerAvatarRenderer专用表现已删除；当前3D状态表现由 PlayerAvatar3D / WeaponModel3D 持有。
A7: VFX-PLY-HURT-FLASH | B7: 玩家受击闪光 | C7: 特效 | D7: player_state | E7: player_hurt | F7: root | H7: 侧面朝右（可水平翻转） | I7: hurt | J7: 玩家状态 | K7: 弃用 | L7: P1 | M7: v001 | N7: 待定 | R7: =LOWER(TRIM(C7)&"|"&TRIM(D7)&"|"&TRIM(E7)&"|"&TRIM(F7)&"|"&TRIM(H7)&"|"&TRIM(I7)) | S7: =IF(COUNTIF($R$6:$R$21,R7)>1,"重复","唯一") | U7: 待分配 | V7: 46243 | W7: 原创/待确认 | X7: — | Y7: 2026-08-09：旧2D PlayerAvatarRenderer专用表现已删除；当前3D状态表现由 PlayerAvatar3D / WeaponModel3D 持有。
A8: VFX-PLY-LOWHP-RING | B8: 玩家低血环 | C8: 特效 | D8: player_overlay | E8: player_low_hp | F8: root | H8: 侧面朝右（可水平翻转） | I8: low_health | J8: 叠加状态 | K8: 弃用 | L8: P2 | M8: v001 | N8: 待定 | R8: =LOWER(TRIM(C8)&"|"&TRIM(D8)&"|"&TRIM(E8)&"|"&TRIM(F8)&"|"&TRIM(H8)&"|"&TRIM(I8)) | S8: =IF(COUNTIF($R$6:$R$21,R8)>1,"重复","唯一") | U8: 待分配 | V8: 46243 | W8: 原创/待确认 | X8: — | Y8: 2026-08-09：旧2D PlayerAvatarRenderer专用表现已删除；当前3D状态表现由 PlayerAvatar3D / WeaponModel3D 持有。
A9: VFX-PLY-SILENCED-RING | B9: 玩家沉默干扰环 | C9: 特效 | D9: player_overlay | E9: player_silenced | F9: root | H9: 侧面朝右（可水平翻转） | I9: silenced | J9: 叠加状态 | K9: 弃用 | L9: P2 | M9: v001 | N9: 待定 | R9: =LOWER(TRIM(C9)&"|"&TRIM(D9)&"|"&TRIM(E9)&"|"&TRIM(F9)&"|"&TRIM(H9)&"|"&TRIM(I9)) | S9: =IF(COUNTIF($R$6:$R$21,R9)>1,"重复","唯一") | U9: 待分配 | V9: 46243 | W9: 原创/待确认 | X9: — | Y9: 2026-08-09：旧2D PlayerAvatarRenderer专用表现已删除；当前3D状态表现由 PlayerAvatar3D / WeaponModel3D 持有。
A10: VFX-EXPLOSION | B10: 爆炸 | C10: 特效 | D10: gameplay_vfx | E10: explosion | F10: root | H10: 顶视/屏幕空间 | I10: default | J10: 跨武器/跨场景 | K10: 程序占位 | L10: P1 | M10: v001 | N10: 粒子或 8–16 帧序列 | P10: scenes/ExplosionEffect.tscn | R10: =LOWER(TRIM(C10)&"|"&TRIM(D10)&"|"&TRIM(E10)&"|"&TRIM(F10)&"|"&TRIM(H10)&"|"&TRIM(I10)) | S10: =IF(COUNTIF($R$6:$R$21,R10)>1,"重复","唯一") | U10: 待分配 | V10: 46224 | W10: 原创/待确认 | X10: — | Y10: 颜色/尺寸作参数变体，禁止复制整套
A11: VFX-MUZZLE-FLASH | B11: 枪口火焰 | C11: 特效 | D11: gameplay_vfx | E11: muzzle_flash | F11: root | H11: 顶视/屏幕空间 | I11: default | J11: 跨武器/跨场景 | K11: 程序占位 | L11: P1 | M11: v001 | N11: 粒子或 8–16 帧序列 | P11: src/weapon/WeaponDisplay.gd | R11: =LOWER(TRIM(C11)&"|"&TRIM(D11)&"|"&TRIM(E11)&"|"&TRIM(F11)&"|"&TRIM(H11)&"|"&TRIM(I11)) | S11: =IF(COUNTIF($R$6:$R$21,R11)>1,"重复","唯一") | U11: 待分配 | V11: 46224 | W11: 原创/待确认 | X11: — | Y11: 颜色/尺寸作参数变体，禁止复制整套
A12: VFX-DAMAGE-NUMBER | B12: 伤害数字 | C12: 特效 | D12: gameplay_vfx | E12: damage_number | F12: root | H12: 顶视/屏幕空间 | I12: default | J12: 跨武器/跨场景 | K12: 程序占位 | L12: P2 | M12: v001 | N12: 粒子或 8–16 帧序列 | P12: scenes/DamageNumber.tscn | R12: =LOWER(TRIM(C12)&"|"&TRIM(D12)&"|"&TRIM(E12)&"|"&TRIM(F12)&"|"&TRIM(H12)&"|"&TRIM(I12)) | S12: =IF(COUNTIF($R$6:$R$21,R12)>1,"重复","唯一") | U12: 待分配 | V12: 46224 | W12: 原创/待确认 | X12: — | Y12: 颜色/尺寸作参数变体，禁止复制整套
A13: VFX-SPARK | B13: 火花 | C13: 特效 | D13: gameplay_vfx | E13: spark | F13: root | H13: 顶视/屏幕空间 | I13: default | J13: 跨武器/跨场景 | K13: 程序占位 | L13: P2 | M13: v001 | N13: 粒子或 8–16 帧序列 | P13: src/fx/SparkParticles.gd | R13: =LOWER(TRIM(C13)&"|"&TRIM(D13)&"|"&TRIM(E13)&"|"&TRIM(F13)&"|"&TRIM(H13)&"|"&TRIM(I13)) | S13: =IF(COUNTIF($R$6:$R$21,R13)>1,"重复","唯一") | U13: 待分配 | V13: 46224 | W13: 原创/待确认 | X13: — | Y13: 颜色/尺寸作参数变体，禁止复制整套
A14: VFX-ROOM-TRANSITION | B14: 房间转场 | C14: 特效 | D14: gameplay_vfx | E14: room_transition | F14: root | H14: 顶视/屏幕空间 | I14: default | J14: 跨武器/跨场景 | K14: 程序占位 | L14: P2 | M14: v001 | N14: 粒子或 8–16 帧序列 | P14: src/fx/RoomTransitionFX.gd | R14: =LOWER(TRIM(C14)&"|"&TRIM(D14)&"|"&TRIM(E14)&"|"&TRIM(F14)&"|"&TRIM(H14)&"|"&TRIM(I14)) | S14: =IF(COUNTIF($R$6:$R$21,R14)>1,"重复","唯一") | U14: 待分配 | V14: 46224 | W14: 原创/待确认 | X14: — | Y14: 颜色/尺寸作参数变体，禁止复制整套
A15: VFX-HEALTH-VIGNETTE | B15: 低血暗角 | C15: 特效 | D15: gameplay_vfx | E15: health_vignette | F15: root | H15: 顶视/屏幕空间 | I15: default | J15: 跨武器/跨场景 | K15: 原型已接入 | L15: P2 | M15: v001 | N15: 粒子或 8–16 帧序列 | O15: scenes/Dungeon3D.tscn | P15: src/world3d/Dungeon3D.gd | R15: =LOWER(TRIM(C15)&"|"&TRIM(D15)&"|"&TRIM(E15)&"|"&TRIM(F15)&"|"&TRIM(H15)&"|"&TRIM(I15)) | S15: =IF(COUNTIF($R$6:$R$21,R15)>1,"重复","唯一") | T15: 86fa546a86758f57eb7b5c8fae0aeadb30e62b29e08c1b40d7fb685ac36a4b53 | U15: 待分配 | V15: 46264 | W15: 原创/待确认 | X15: — | Y15: 复用低血暗角身份；3D HUD低血时提高边缘强度，不复制第二套逻辑ID 2026-08-30 AST-02：补齐单一生产路径SHA；验收：verify_3d_vision_input_flow；SHA 4e61089a3bcd。
A16: VFX-VISIBILITY-LIGHT | B16: 视野光锥 | C16: 特效 | D16: gameplay_vfx | E16: visibility_light | F16: root | H16: 顶视/屏幕空间 | I16: default | J16: 跨武器/跨场景 | K16: 程序占位 | L16: P2 | M16: v001 | N16: 粒子或 8–16 帧序列 | P16: src/fx/VisibilityLight2D.gd | R16: =LOWER(TRIM(C16)&"|"&TRIM(D16)&"|"&TRIM(E16)&"|"&TRIM(F16)&"|"&TRIM(H16)&"|"&TRIM(I16)) | S16: =IF(COUNTIF($R$6:$R$21,R16)>1,"重复","唯一") | U16: 待分配 | V16: 46225 | W16: 原创/待确认 | X16: — | Y16: 2D视野表现根；3D真实判定与地面网格登记为 VFX-VISIBILITY-FIELD-3D，禁止用灯光替代
A17: VFX-EXTRACTION-BEACON | B17: 撤离信标效果 | C17: 特效 | D17: gameplay_vfx | E17: extraction_beacon | F17: root | H17: 顶视/屏幕空间 | I17: default | J17: 跨武器/跨场景 | K17: 程序占位 | L17: P2 | M17: v001 | N17: 粒子或 8–16 帧序列 | P17: src/map/ExtractionDirector.gd | R17: =LOWER(TRIM(C17)&"|"&TRIM(D17)&"|"&TRIM(E17)&"|"&TRIM(F17)&"|"&TRIM(H17)&"|"&TRIM(I17)) | S17: =IF(COUNTIF($R$6:$R$21,R17)>1,"重复","唯一") | U17: 待分配 | V17: 46224 | W17: 原创/待确认 | X17: — | Y17: 颜色/尺寸作参数变体，禁止复制整套
A18: VFX-HAZARD-FIELD-3D | B18: 房间危险场3D特效 | C18: 特效 | D18: environment | E18: hazard_field | F18: root_3d | G18: ENV-DUNGEON-RUNTIME-3D | H18: 俯视3D | I18: active | J18: 陷阱房 | K18: 原型已接入 | L18: P0 | M18: v001 | N18: PackedScene/程序环形特效 | O18: assets/art/vfx/environment_3d/vfx_hazard_field_root_top3d.tscn | P18: src/world3d/HazardField3D.gd | Q18: 危险区;陷阱;范围伤害;3D | R18: =LOWER(TRIM(C18)&"|"&TRIM(D18)&"|"&TRIM(E18)&"|"&TRIM(F18)&"|"&TRIM(H18)&"|"&TRIM(I18)) | S18: =IF(COUNTIF($R$6:$R$21,R18)>1,"重复","唯一") | T18: 9457d360dc6529e42502980b94188d13f76da5efb581b261cfb9b8adbd0f5ff6 | U18: Codex | V18: 46224 | W18: 原创程序特效 | X18: — | Y18: 颜色、半径与伤害可按主题配置
A19: VFX-COMBAT-KIT-3D | B19: 战斗反馈3D通用特效套件 | C19: 特效 | D19: combat | E19: combat_feedback | F19: root_3d | H19: 俯视3D | I19: muzzle_impact_damage_explosion_slash_melee_impact | J19: 枪械/近战/敌人/关卡 | K19: 原型已接入 | L19: P0 | M19: v001 | N19: PackedScene/参数化特效 | O19: assets/art/vfx/combat_3d/vfx_combat_kit_root_top3d.tscn | P19: src/combat3d/CombatEffect3D.gd; src/combat3d/CombatEffectPool3D.gd; src/player3d/melee/PlayerMeleeCombat3D.gd | Q19: 枪口;命中;伤害;爆炸;挥砍;近战冲击;slash;melee_impact;3D | R19: =LOWER(TRIM(C19)&"|"&TRIM(D19)&"|"&TRIM(E19)&"|"&TRIM(F19)&"|"&TRIM(H19)&"|"&TRIM(I19)) | S19: =IF(COUNTIF($R$6:$R$21,R19)>1,"重复","唯一") | T19: 59cd5409b33ff9fae9c541b357699249d8f0574bc21add6fec2d1fdfd89a098e | U19: Codex | V19: 46224 | W19: 原创程序特效 | X19: — | Y19: effect kind、颜色、尺寸、方向与连段参数化；新增slash/melee_impact无碰撞池化种类，复用同一战斗VFX根；近战专项验证一段一弧光、逐目标爆点。
A20: VFX-VISIBILITY-FIELD-3D | B20: 柔边真实单位视野场3D | C20: 特效 | D20: gameplay_vfx | E20: visibility_field | F20: field_mesh_3d | G20: VFX-VISIBILITY-LIGHT | H20: 俯视3D | I20: default | J20: 3D行动区/靶场/基地 | K20: 原型已接入 | L20: P0 | M20: v001 | N20: 360°逻辑射线 + ImmediateMesh 49+28表现射线 | O20: src/player3d/PlayerVision3D.gd | P20: scenes/Player3D.tscn | Q20: 360度逻辑视野;96度目光表现;柔边;墙体遮挡;无描边;非灯光判定 | R20: =LOWER(TRIM(C20)&"|"&TRIM(D20)&"|"&TRIM(E20)&"|"&TRIM(F20)&"|"&TRIM(H20)&"|"&TRIM(I20)) | S20: =IF(COUNTIF($R$6:$R$21,R20)>1,"重复","唯一") | T20: 128dc5eab4c8b523961178714d4ed65bbefd86297641e6ba2cb0b7cf8b91f7f0 | U20: Codex | V20: 46264 | W20: 原创程序几何 | X20: — | Y20: 目标显隐使用21m内360°逐目标物理遮挡；身后无遮挡目标保持可见，任意方向的墙/关闭门/实体家具均可遮挡。地面表现保留96°/21m + 2.4m、49+28固定射线、柔边无描边和地板深度豁免；真实照明仍拆为 VFX-PLAYER-FLASHLIGHT-3D。 2026-08-30 AST-02：合法内容更新；文件为Git已跟踪且修改时间不早于原台账日期；验收：verify_3d_vision_input_flow；SHA f2b2eaf61798→3405769a7da2。
A21: VFX-PLAYER-FLASHLIGHT-3D | B21: 玩家真实探照灯组件3D | C21: 特效 | D21: gameplay_vfx | E21: player_flashlight | F21: light_rig_3d | G21: VFX-VISIBILITY-FIELD-3D | H21: 俯视3D | I21: default | J21: 3D行动区/靶场/基地 | K21: 原型已接入 | L21: P0 | M21: v001 | N21: PackedScene/2 SpotLight3D+1 OmniLight3D | O21: assets/art/vfx/visibility_3d/vfx_player_flashlight_root_top3d.tscn | P21: src/player3d/PlayerFlashlight3D.gd | Q21: 真实探照灯;玩家灯光;前向聚光;角色补光;可调灯光 | R21: =LOWER(TRIM(C21)&"|"&TRIM(D21)&"|"&TRIM(E21)&"|"&TRIM(F21)&"|"&TRIM(H21)&"|"&TRIM(I21)) | S21: =IF(COUNTIF($R$6:$R$21,R21)>1,"重复","唯一") | T21: 66d910c4fbcfd63176427c8012d3b6dbb11c4e0999587b34a3a66d6202920017 | U21: Codex | V21: 46225 | W21: 原创程序几何 | X21: — | Y21: v0.1：ForwardBeam仅照环境layer1，shadow_caster_mask也仅包含layer1，明确排除玩家、穿戴物与手持枪layer2；AvatarFrontFill无阴影。玩家网格保留cast_shadow=ON，由太阳和室内灯产生外部投影；准星禁用投影。曝光预算固定为主聚光7.2、环境溢光0.7、角色柔光2.8，并通过真实渲染验收。 2026-08-03：主聚光保持能量7.2/范围25m/角度66°与环境层隔离；Compatibility阴影采样固定 bias=0.18、normal_bias=1.6、blur=1.2，消除远处斜角墙面横纹，不改变玩家自身不投影契约；已通过近25m真GPU画面验收。

Sheet 3D-特效
A1: ShellStorm2 · 特效 3D Prefab
A2: 特效按独立 Prefab 原则：每个特效一个独立 .tscn；Prefab 是特效唯一出口；账本和调用代码读 Prefab。本 sheet 共 10 条，按 5 大类分组，每条 VFX 有内部编号 FX<大类>-<序号>。状态：✅ 完成（Prefab + 脚本 + 接入齐）/ 🟡 待落地（已登记 AssetID，文件未创建）/ 🟠 老形态（迁移完成后删除）。规范见 docs/v0.1/14.6_特效系统与制作规范.md。【2026-09-11 进度】FX01 战斗反馈 5 条 + FX02 受击飘字 2 条 共 7 条完成；FX03/04 已实装但命名待对齐。
A4: 编号 | B4: AssetID | C4: 中文名 | D4: Prefab路径 | E4: GLB模型路径 | F4: Blender源文件 | G4: 功能说明 | H4: 功能脚本路径 | I4: 碰撞开关 | J4: 碰撞归属 | K4: 碰撞方式 | L4: 标准尺寸 | M4: 原点与朝向 | N4: 使用位置 | O4: 制作状态 | P4: 版本 | Q4: 备注
A5: ▼ 00 特效套件（老形态）
A6: FX00-01 | B6: VFX-COMBAT-KIT-3D | C6: 战斗反馈3D通用特效套件 | D6: assets/art/vfx/combat_3d/vfx_combat_kit_root_top3d.tscn | G6: 一个 Prefab + match effect_kind 7 套代码分支，覆盖 7 种战斗反馈视觉。违反 14.6 独立 Prefab 原则 §1；下方 7 个战斗反馈/受击飘字条目为拆分目标。旧调用方继续运行至 2026-Q4 迁移完成。 | H6: src/combat3d/CombatEffect3D.gd | I6: 无 | J6: 无 | K6: 无 | L6: PackedScene/参数化特效 | M6: 未声明 | N6: 枪械/近战/敌人/关卡 | O6: 老 · 待拆分 | P6: v001 | Q6: 老形态·保留为过渡；待 14.6 §6 迁移完成后删除
A7: ▼ 01 战斗反馈
A8: FX01-01 | B8: VFX-MUZZLE-FLASH-3D | C8: 枪口火光特效 | D8: assets/art/vfx/combat_3d/vfx_muzzle_flash_root_top3d.tscn | G8: 枪械/投射物开火时的瞬时火光；SphereMesh 闪核 + TorusMesh 环；参数 effect_color（火焰色）/ effect_size（火光强度）。 | H8: src/vfx/VfxMuzzleFlash3D.gd | I8: 无 | J8: 无 | K8: 无 | L8: 约 0.18m 半径；lifetime 0.12s | M8: 原点=根节点中心；朝向=local -Z 正面 | N8: 枪械开火（远程 7 枪） | O8: 完成 | P8: v001 | Q8: 已实装；Prefab=assets/art/vfx/combat_3d/vfx_muzzle_flash_root_top3d_v001.tscn + 脚本=src/vfx/VfxMuzzleFlash3D.gd；根节点=VfxMuzzleFlash3D(Node3D)；FX编号 FX01-01；调用方：PlayerMeleeCombat3D/Enemy3D 经 VfxPool3D 路由
A9: FX01-02 | B9: VFX-IMPACT-3D | C9: 通用命中特效 | D9: assets/art/vfx/combat_3d/vfx_impact_root_top3d.tscn | G9: 子弹/投射物命中目标时的爆点；SphereMesh 核心 + TorusMesh 环；参数 effect_color（命中火花色）/ effect_size（爆点半径）。 | H9: src/vfx/VfxImpact3D.gd | I9: 无 | J9: 无 | K9: 无 | L9: 约 0.16m 核心；lifetime 0.24s | M9: 原点=根节点中心；朝向=local -Z 正面 | N9: 子弹/投射物命中通用 | O9: 完成 | P9: v001 | Q9: 已实装；Prefab=assets/art/vfx/combat_3d/vfx_impact_root_top3d_v001.tscn + 脚本=src/vfx/VfxImpact3D.gd；根节点=VfxImpact3D(Node3D)；FX编号 FX01-02；调用方：PlayerMeleeCombat3D/Enemy3D 经 VfxPool3D 路由
A10: FX01-03 | B10: VFX-EXPLOSION-3D | C10: 爆炸特效 | D10: assets/art/vfx/combat_3d/vfx_explosion_root_top3d.tscn | G10: 范围爆炸；1 SphereMesh 核心 + 2 TorusMesh 冲击波环（径向波 + 二次环）；参数 effect_color / effect_size。 | H10: src/vfx/VfxExplosion3D.gd | I10: 无 | J10: 无 | K10: 无 | L10: 约 0.42m 核心 → 0.82m 外环；lifetime 0.46s | M10: 原点=根节点中心；朝向=local -Z 正面 | N10: 爆炸弹/范围武器 | O10: 完成 | P10: v001 | Q10: 已实装；Prefab=assets/art/vfx/combat_3d/vfx_explosion_root_top3d_v001.tscn + 脚本=src/vfx/VfxExplosion3D.gd；根节点=VfxExplosion3D(Node3D)；FX编号 FX01-03；调用方：PlayerMeleeCombat3D/Enemy3D 经 VfxPool3D 路由
A11: FX01-04 | B11: VFX-MELEE-SLASH-3D | C11: 近战挥砍弧特效 | D11: assets/art/vfx/combat_3d/vfx_melee_slash_root_top3d.tscn | G11: 近战挥砍时的弧光；SurfaceTool 自定义三角扇形 + 顶点 alpha 渐隐；连段 1/2/3 通过 effect_size 和方向区分。 | H11: src/vfx/VfxMeleeSlash3D.gd | I11: 无 | J11: 无 | K11: 无 | L11: 内径 0.78m / 外径 1.42m；lifetime 0.28s | M11: 原点=根节点中心；朝向=local -Z 正面 | N11: 棒球棍/巨刃/战斧挥砍（近战 3 武器） | O11: 完成 | P11: v001 | Q11: 已实装；Prefab=assets/art/vfx/combat_3d/vfx_melee_slash_root_top3d_v001.tscn + 脚本=src/vfx/VfxMeleeSlash3D.gd；根节点=VfxMeleeSlash3D(Node3D)；FX编号 FX01-04；调用方：PlayerMeleeCombat3D/Enemy3D 经 VfxPool3D 路由
A12: FX01-05 | B12: VFX-MELEE-IMPACT-3D | C12: 近战命中爆点特效 | D12: assets/art/vfx/combat_3d/vfx_melee_impact_root_top3d.tscn | G12: 近战命中目标时的爆点；1 SphereMesh 核心 + 2 TorusMesh 环 + 6 BoxMesh 飞散碎片；逐目标独立爆点。 | H12: src/vfx/VfxMeleeImpact3D.gd | I12: 无 | J12: 无 | K12: 无 | L12: 约 0.19m 核心；lifetime 0.32s | M12: 原点=根节点中心；朝向=local -Z 正面 | N12: 近战命中爆点（连段 1/2/3 各 1 次） | O12: 完成 | P12: v001 | Q12: 已实装；Prefab=assets/art/vfx/combat_3d/vfx_melee_impact_root_top3d_v001.tscn + 脚本=src/vfx/VfxMeleeImpact3D.gd；根节点=VfxMeleeImpact3D(Node3D)；FX编号 FX01-05；调用方：PlayerMeleeCombat3D/Enemy3D 经 VfxPool3D 路由
A13: ▼ 02 受击飘字
A14: FX02-01 | B14: VFX-DAMAGE-NUMBER-3D | C14: 伤害数字飘字特效 | D14: assets/art/vfx/combat_3d/vfx_damage_number_root_top3d.tscn | G14: 受击伤害数字上升飘字；Label3D + 黑边 + 颜色编码（红/橙/暴击金）；参数 effect_color + context.text_value。 | H14: src/vfx/VfxDamageNumber3D.gd | I14: 无 | J14: 无 | K14: 无 | L14: Label3D pixel_size=0.010；lifetime 0.72s | M14: 原点=根节点中心；朝向=local -Z 正面 | N14: 玩家/敌人受击伤害显示 | O14: 完成 | P14: v001 | Q14: 已实装；Prefab=assets/art/vfx/combat_3d/vfx_damage_number_root_top3d_v001.tscn + 脚本=src/vfx/VfxDamageNumber3D.gd；根节点=VfxDamageNumber3D(Node3D)；FX编号 FX02-01；调用方：Enemy3D._spawn_damage_number 经 VfxPool3D 路由；接受 context.text_value
A15: FX02-02 | B15: VFX-HEAL-NUMBER-3D | C15: 治疗数字飘字特效 | D15: assets/art/vfx/combat_3d/vfx_heal_number_root_top3d.tscn | G15: 治疗/恢复数字上升飘字；Label3D + 绿色调（+ 白色描边）；参数 context.text_value。 | H15: src/vfx/VfxHealNumber3D.gd | I15: 无 | J15: 无 | K15: 无 | L15: Label3D pixel_size=0.010；lifetime 0.72s | M15: 原点=根节点中心；朝向=local -Z 正面 | N15: 玩家/队友治疗显示 | O15: 完成 | P15: v001 | Q15: 已实装；Prefab=assets/art/vfx/combat_3d/vfx_heal_number_root_top3d_v001.tscn + 脚本=src/vfx/VfxHealNumber3D.gd；根节点=VfxHealNumber3D(Node3D)；FX编号 FX02-02；调用方：Enemy3D._spawn_damage_number 经 VfxPool3D 路由；接受 context.text_value
A16: ▼ 03 环境场
A17: FX03-01 | B17: VFX-HAZARD-FIELD-3D | C17: 房间危险场3D特效 | D17: assets/art/vfx/environment_3d/vfx_hazard_field_root_top3d.tscn | G17: 房间危险场 Area3D 特效；脚本生成的环形危险区域；触发时产生伤害 + 视觉脉冲。 | H17: src/world3d/HazardField3D.gd | I17: 开 | J17: Prefab自身 | K17: 脚本生成 | L17: PackedScene/程序环形特效 | M17: 未声明 | N17: 陷阱房 | O17: 完成 | P17: v001 | Q17: 已实装；命名待 14.6 §6 迁移时对齐（改名 VfxHazardField3D + 移至 src/vfx/）
A18: ▼ 04 可见性
A19: FX04-01 | B19: VFX-PLAYER-FLASHLIGHT-3D | C19: 玩家真实探照灯组件3D | D19: assets/art/vfx/visibility_3d/vfx_player_flashlight_root_top3d.tscn | G19: 玩家真实探照灯 Node3D 组件；2 SpotLight3D + 1 OmniLight3D 组合；3D 行动区/靶场/基地覆盖。 | H19: src/player3d/PlayerFlashlight3D.gd | I19: 无 | J19: 无 | K19: 无 | L19: PackedScene/2 SpotLight3D+1 OmniLight3D | M19: 未声明 | N19: 3D行动区/靶场/基地 | O19: 完成 | P19: v001 | Q19: 已实装；命名待 14.6 §6 迁移时对齐（改名 VfxPlayerFlashlight3D + 移至 src/vfx/）

Sheet 域变更日志
A1: 特效账本变更日志
A3: 只记录本账本的域内变更；跨域与全局变更记录在主账本《版本记录》
A5: 台账版本 | B5: 日期 | C5: 变更类型 | D5: 范围 | E5: 说明 | F5: 兼容性 | G5: 负责人
A6: v0.1.0 | B6: 2026-09-18 | C6: 分账本建立 | D6: 特效 | E6: 由单体账本《ShellStorm2_美术资产台账_v001.xlsx》按大类拆分而来；本账本接管大类=特效，条目内容逐格不变，仅登记位置变化。 | F6: 资产条目、AssetID、路径与哈希全部不变；只换文件。旧引用可用 scripts/ledger_registry.py 解析。 | G6: 摩斯拉
