Workbook

Sheet 总览
A1: SHELLSTORM 2 · 道具美术账本 v0.1
A3: 归属域=道具｜覆盖大类=道具｜AssetID 前缀=ITM / PRP｜主账本（总目录）=assets/registry/ShellStorm2_美术资产台账_v001.xlsx；本账本可独立并行编辑，跨域契约见主账本
A5: 资产总数 | C5: 已完成/已接入 | E5: 待制作/程序占位 | G5: 重复警报 | I5: 域内专表 / 3D Prefab 分页
A6: =COUNTA('资产主表'!$A$6:$A$30) | C6: =COUNTIF('资产主表'!$K$6:$K$30,"已完成")+COUNTIF('资产主表'!$K$6:$K$30,"原型已接入")+COUNTIF('资产主表'!$K$6:$K$30,"正式美术已接入")+COUNTIF('资产主表'!$K$6:$K$30,"已优化并正式接入")+COUNTIF('资产主表'!$K$6:$K$30,"Blender源已完成")+COUNTIF('资产主表'!$K$6:$K$30,"已导入；优化完成")+COUNTIF('资产主表'!$K$6:$K$30,"白模源已完成；QA PASS") | E6: =COUNTIF('资产主表'!$K$6:$K$30,"待制作")+COUNTIF('资产主表'!$K$6:$K$30,"程序占位") | G6: =COUNTIF('资产主表'!$S$6:$S$30,"重复") | I6: 域内专表：3D-道具 / 3D-物品 | 3D Prefab 分页：3D-道具 / 3D-物品
A9: 大类 | B9: 资产数 | C9: 完成/接入 | E9: 本账本只登记上列大类；跨域搬运资产须同步主账本《分类与编码》并重跑门禁
A10: 道具 | B10: =COUNTIF('资产主表'!$C$6:$C$30,A10) | C10: =SUMPRODUCT(('资产主表'!$C$6:$C$30=A10)*(('资产主表'!$K$6:$K$30="已完成")+('资产主表'!$K$6:$K$30="原型已接入")+('资产主表'!$K$6:$K$30="正式美术已接入")+('资产主表'!$K$6:$K$30="已优化并正式接入")+('资产主表'!$K$6:$K$30="Blender源已完成")+('资产主表'!$K$6:$K$30="已导入；优化完成")+('资产主表'!$K$6:$K$30="白模源已完成；QA PASS")))
A11: 合计 | B11: =COUNTIF('资产主表'!$C$6:$C$30,A11) | C11: =SUMPRODUCT(('资产主表'!$C$6:$C$30=A11)*(('资产主表'!$K$6:$K$30="已完成")+('资产主表'!$K$6:$K$30="原型已接入")+('资产主表'!$K$6:$K$30="正式美术已接入")+('资产主表'!$K$6:$K$30="已优化并正式接入")+('资产主表'!$K$6:$K$30="Blender源已完成")+('资产主表'!$K$6:$K$30="已导入；优化完成")+('资产主表'!$K$6:$K$30="白模源已完成；QA PASS")))
A13: 域内 3D Prefab 分页统计（快照口径与本账本分页一致；权威清单在各分页表）
A14: 分页 | B14: Prefab 数 | C14: 直接引用 GLB | D14: 有功能脚本 | E14: 碰撞开启 | F14: 说明
A15: 3D-道具 | B15: =COUNTA('3D-道具'!$A$5:$A$204) | C15: =COUNTIF('3D-道具'!$D$5:$D$204,"<>") | D15: =COUNTIF('3D-道具'!$G$5:$G$204,"<>") | E15: =COUNTIF('3D-道具'!$H$5:$H$204,"开") | F15: 一行 = 一个实际存在的 Godot PackedScene
A16: 3D-物品 | B16: =COUNTA('3D-物品'!$A$5:$A$204) | C16: =COUNTIF('3D-物品'!$D$5:$D$204,"<>") | D16: =COUNTIF('3D-物品'!$G$5:$G$204,"<>") | E16: =COUNTIF('3D-物品'!$H$5:$H$204,"开") | F16: 一行 = 一个实际存在的 Godot PackedScene
A17: 合计 | B17: =SUM(B15:B16) | C17: =SUM(C15:C16) | D17: =SUM(D15:D16) | E17: =SUM(E15:E16)

Sheet 账本说明
A1: 本账本说明 · 道具
A3: 本表是分账本自描述；机器可读真源为 assets/registry/ledger_index.json，二者不一致时以 JSON 为准
A5: 项 | B5: 值
A6: 账本归属域 | B6: 道具
A7: 分账本文件 | B7: assets/registry/ledgers/ShellStorm2_道具账本_v001.xlsx
A8: 覆盖大类 | B8: 道具
A9: AssetID 前缀 | B9: ITM / PRP
A10: 域内专表 | B10: 3D-道具 / 3D-物品
A11: 3D Prefab 分页 | B11: 3D-道具 / 3D-物品
A12: 动画登记表 | B12: 无
A13: 主账本（总目录） | B13: assets/registry/ShellStorm2_美术资产台账_v001.xlsx
A14: 跨域契约 | B14: 分类与编码 / 命名与查重 / 版本记录 / Skill 清单 / 3D Prefab 总控 —— 全部只在主账本维护
A15: 首选制作 Skill | B15: game-prop-model-pipeline
A16: 协作 Skill | B16: 无
... A23: 快照日期 | B23: 2026-09-18

Sheet 资产主表
A1: 资产主表 · 唯一登记源
A3: 查重键由公式生成；S 列出现“重复”时禁止制作，先合并或建立变体父子关系
A5: AssetID | B5: 中文名 | C5: 大类 | D5: 子类 | E5: 逻辑ID/源键 | F5: 组件槽 | G5: 变体父ID | H5: 视角 | I5: 状态/动画 | J5: 复用范围 | K5: 制作状态 | L5: 优先级 | M5: 版本 | N5: 规格(px) | O5: 文件路径 | P5: 源码/策划依据 | Q5: 关键词/别名 | R5: 查重键 | S5: 查重结果 | T5: SHA-256 | U5: 负责人 | V5: 更新时间 | W5: 来源/许可 | X5: 源编号（Blender collection） | Y5: 备注
A6: ITM-CONSUMABLE-ITEM-BEACON | B6: 撤离信标 | C6: 道具 | D6: consumable | E6: item_beacon | F6: root | H6: 顶视/图标 | I6: default | J6: 世界拾取/UI 图标 | K6: 程序占位 | L6: P0 | M6: v001 | N6: 世界 24–40 px；UI 32 px | P6: src/base/ItemRegistry.gd | R6: =LOWER(TRIM(C6)&"|"&TRIM(D6)&"|"&TRIM(E6)&"|"&TRIM(F6)&"|"&TRIM(H6)&"|"&TRIM(I6)) | S6: =IF(COUNTIF($R$6:$R$30,R6)>1,"重复","唯一") | U6: 待分配 | V6: 46224 | W6: 原创/待确认 | X6: —
A7: ITM-KEY-ITEM-ROOM-KEY | B7: 房间钥匙 | C7: 道具 | D7: key | E7: item_room_key | F7: root | H7: 顶视/图标 | I7: default | J7: 世界拾取/UI 图标 | K7: 程序占位 | L7: P0 | M7: v001 | N7: 世界 24–40 px；UI 32 px | P7: src/base/ItemRegistry.gd | R7: =LOWER(TRIM(C7)&"|"&TRIM(D7)&"|"&TRIM(E7)&"|"&TRIM(F7)&"|"&TRIM(H7)&"|"&TRIM(I7)) | S7: =IF(COUNTIF($R$6:$R$30,R7)>1,"重复","唯一") | U7: 待分配 | V7: 46224 | W7: 原创/待确认 | X7: —
A8: ITM-PICKUP-SOUL-ORB | B8: 灵魂球 | C8: 道具 | D8: pickup | E8: soul_orb | F8: root | H8: 顶视/图标 | I8: default | J8: 世界拾取/UI 图标 | K8: 程序占位 | L8: P1 | M8: v001 | N8: 世界 24–40 px；UI 32 px | P8: scenes/ | R8: =LOWER(TRIM(C8)&"|"&TRIM(D8)&"|"&TRIM(E8)&"|"&TRIM(F8)&"|"&TRIM(H8)&"|"&TRIM(I8)) | S8: =IF(COUNTIF($R$6:$R$30,R8)>1,"重复","唯一") | U8: 待分配 | V8: 46224 | W8: 原创/待确认 | X8: —
A9: ITM-CONTAINER-CONTAINER | B9: 战利品容器 | C9: 道具 | D9: container | E9: container | F9: root | H9: 顶视/图标 | I9: default | J9: 世界拾取/UI 图标 | K9: 程序占位 | L9: P1 | M9: v001 | N9: 世界 24–40 px；UI 32 px | P9: scenes/ | R9: =LOWER(TRIM(C9)&"|"&TRIM(D9)&"|"&TRIM(E9)&"|"&TRIM(F9)&"|"&TRIM(H9)&"|"&TRIM(I9)) | S9: =IF(COUNTIF($R$6:$R$30,R9)>1,"重复","唯一") | U9: 待分配 | V9: 46224 | W9: 原创/待确认 | X9: —
A10: ITM-PICKUP-ROOM-KEY-PICKUP | B10: 房间钥匙掉落 | C10: 道具 | D10: pickup | E10: room_key_pickup | F10: root | H10: 顶视/图标 | I10: default | J10: 全部3D房间/清房奖励 | K10: 原型已接入 | L10: P1 | M10: v001 | N10: 程序模型/0.32s Tween | O10: src/world3d/RoomKeyPickup3D.gd | P10: src/world3d/RoomKeyPickup3D.gd | R10: =LOWER(TRIM(C10)&"|"&TRIM(D10)&"|"&TRIM(E10)&"|"&TRIM(F10)&"|"&TRIM(H10)&"|"&TRIM(I10)) | S10: =IF(COUNTIF($R$6:$R$30,R10)>1,"重复","唯一") | T10: 1f5953cef11cc376d18ecc875a4a88eae6ce3dff05eba2f5479cb006926fb928 | U10: Codex | V10: 46264 | W10: 原创程序几何 | X10: — | Y10: 清房后在玩家附近安全边界生成；同房唯一且返回时可补发；成功拾取先关闭碰撞，再上弹旋转缩小后回收 2026-08-30 AST-02：登记路径规范化 <空> → src/world3d/RoomKeyPickup3D.gd；多实现/源码依据保留在P列。 2026-08-30 AST-02：补齐单一生产路径SHA；验收：verify_full_3d_game_flow；SHA 1f5953cef11c。
A11: ITM-PICKUP-BASE-GROUND-ITEM | B11: 地面物品底座 | C11: 道具 | D11: pickup_base | E11: ground_item | F11: root | H11: 顶视/图标 | I11: default | J11: 地面掉落/背包投影 | K11: 原型已接入 | L11: P2 | M11: v001 | N11: 程序模型/0.32s Tween | O11: src/world3d/GroundLootPickup3D.gd | P11: src/world3d/GroundLootPickup3D.gd | R11: =LOWER(TRIM(C11)&"|"&TRIM(D11)&"|"&TRIM(E11)&"|"&TRIM(F11)&"|"&TRIM(H11)&"|"&TRIM(I11)) | S11: =IF(COUNTIF($R$6:$R$30,R11)>1,"重复","唯一") | T11: 14eca357cf5198a232d95231ccbf07e15b67a1428f7d27bf2f32222e59bcb29d | U11: Codex | V11: 46264 | W11: 原创程序几何 | X11: — | Y11: 与背包投影共用 ItemModelFactory3D；满包时保留，成功接收后播放0.32秒上弹旋转缩小动画 2026-08-30 AST-02：登记路径规范化 <空> → src/world3d/GroundLootPickup3D.gd；多实现/源码依据保留在P列。 2026-08-30 AST-02：补齐单一生产路径SHA；验收：verify_full_3d_game_flow；verify_3d_inventory_weapon_flow；SHA 14eca357cf51。
A12: PRP-BASE-BRIEFING | B12: 远征情报终端 / 战术情报指挥桌 | C12: 道具 | D12: base_facility | E12: mission_operations | F12: root | H12: Top3D / local -Z 正面 | I12: default / 独立交互场景 | J12: BaseWorld3D/TowerDescent99F | K12: 已完成 | L12: P1 | M12: v003 | N12: 4材质；主体/自发光分离；独立GLB/PackedScene | O12: assets/art/props/base_world_3d/runtime/mission_operations/prp_base_mission_operations_root_top3d.tscn | P12: ../ShellStorm2-backup/2026-10-11_slimming/original_tree/art_source/props/base_world_3d/source/mission_operations/prp_base_mission_operations_source_v003.blend; src/base3d/BaseFacility3D.gd; src/world3d/TowerDescent3D.gd | Q12: mission_operations; 战术情报指挥桌; 基地设施; 多巴胺配色; 自发光分离 | R12: =LOWER(TRIM(C12)&"|"&TRIM(D12)&"|"&TRIM(E12)&"|"&TRIM(F12)&"|"&TRIM(H12)&"|"&TRIM(I12)) | S12: =IF(COUNTIF($R$6:$R$30,R12)>1,"重复","唯一") | T12: e796114d2ad04dddd182e255cc2aad7bbf531e2876a70d65be787e987c7b21b3 | U12: Codex | V12: 46264 | W12: 用户自制Blender资产 | X12: — | Y12: 正式模型替换程序占位；保留稳定facility_id和交互协议。 2026-08-30 AST-01规范化（原制作状态：正式美术已接入；原大类：3D道具） 2026-08-30 AST-02：合法内容更新；文件为Git已跟踪且修改时间不早于原台账日期；验收：verify_base_facility_framework；verify_base_facility_interaction_zones；SHA 6463ac9d2ebe→ab5196f29c8c。
A13: PRP-BASE-WORKSHOP | B13: 枪械工坊 / 赛博维修工作台 | C13: 道具 | D13: base_facility | E13: weapon_workshop | F13: root | H13: Top3D / local -Z 正面 | I13: default / 独立交互场景 | J13: BaseWorld3D/TowerDescent99F | K13: 已完成 | L13: P1 | M13: v003 | N13: 4材质；主体/自发光分离；独立GLB/PackedScene | O13: assets/art/props/base_world_3d/runtime/weapon_workshop/prp_base_weapon_workshop_root_top3d.tscn | P13: ../ShellStorm2-backup/2026-10-11_slimming/original_tree/art_source/props/base_world_3d/source/weapon_workshop/prp_base_weapon_workshop_source_v003.blend; src/base3d/BaseFacility3D.gd; src/world3d/TowerDescent3D.gd | Q13: weapon_workshop; 赛博维修工作台; 基地设施; 多巴胺配色; 自发光分离 | R13: =LOWER(TRIM(C13)&"|"&TRIM(D13)&"|"&TRIM(E13)&"|"&TRIM(F13)&"|"&TRIM(H13)&"|"&TRIM(I13)) | S13: =IF(COUNTIF($R$6:$R$30,R13)>1,"重复","唯一") | T13: 64d21d1a04609556593e9a4da3849890298c48337b0ab29c16c138c8120f62e5 | U13: Codex | V13: 46264 | W13: 用户自制Blender资产 | X13: — | Y13: 正式模型替换程序占位；保留稳定facility_id和交互协议。 2026-08-30 AST-01规范化（原制作状态：正式美术已接入；原大类：3D道具） 2026-08-30 AST-02：合法内容更新；文件为Git已跟踪且修改时间不早于原台账日期；验收：verify_base_facility_framework；verify_base_facility_interaction_zones；SHA 0bf7bd460082→207785d3d257。
A14: ITM-EQUIPMENT-BACKPACK-3D | B14: 可装备背包3D资产族 | C14: 道具 | D14: equipment | E14: equipment_backpack | F14: root_3d | H14: 俯视3D | I14: asset_family / tier_0_static | J14: 地面拾取/UI图标/角色背部共用 | K14: design_only | L14: P0 | M14: v001 | N14: 资产族索引；小/中/大三款各自独立源、GLB和PackedScene；非独立几何 | P14: src/world3d/ItemModelFactory3D.gd; src/base/ItemRegistry.gd; tests/verification/verify_backpack_equipment_flow.tscn | Q14: 轻型腰包;战术背包;远征背包;backpack;2格;4格;8格 | R14: =LOWER(TRIM(C14)&"|"&TRIM(D14)&"|"&TRIM(E14)&"|"&TRIM(F14)&"|"&TRIM(H14)&"|"&TRIM(I14)) | S14: =IF(COUNTIF($R$6:$R$30,R14)>1,"重复","唯一") | U14: Codex | V14: 46303 | W14: 原创程序几何 | X14: — | Y14: 保留原AssetID与equipment_backpack逻辑族；三款子资产通过G列归属；父项无生产路径和SHA，不再冒充程序几何。
A15: PRP-BASE-VENDING-MACHINE-3D | B15: 基地科幻自动贩卖机 | C15: 道具 | D15: base_facility | E15: base_vending | F15: root | G15: PRP-BASE-FACILITY-3D | H15: Top3D / local -Z 正面 | I15: default / 独立交互场景 | J15: BaseWorld3D/TowerDescent99F | K15: 已完成 | L15: P0 | M15: v002 | N15: 4材质；主体/自发光分离；独立GLB/PackedScene | O15: assets/art/props/base_world_3d/runtime/vending_machine/prp_base_vending_machine_root_top3d.tscn | P15: ../ShellStorm2-backup/2026-10-11_slimming/original_tree/art_source/props/base_world_3d/source/vending_machine/prp_base_vending_machine_source_v001.blend; src/base3d/BaseFacility3D.gd; src/world3d/TowerDescent3D.gd | Q15: base_vending; 科幻自动贩卖机; 基地设施; 多巴胺配色; 自发光分离 | R15: =LOWER(TRIM(C15)&"|"&TRIM(D15)&"|"&TRIM(E15)&"|"&TRIM(F15)&"|"&TRIM(H15)&"|"&TRIM(I15)) | S15: =IF(COUNTIF($R$6:$R$30,R15)>1,"重复","唯一") | T15: 1d6e87ee00e7b89c4320fd21ac94831bbb6d6011940e4074311026e72edc3d20 | U15: Codex | V15: 46264 | W15: 用户自制Blender资产 | X15: — | Y15: 正式模型替换程序占位；保留稳定facility_id和交互协议。 2026-08-30 AST-01规范化（原制作状态：正式美术已接入；原大类：3D道具） 2026-08-30 AST-02：合法内容更新；文件为Git已跟踪且修改时间不早于原台账日期；验收：verify_base_facility_framework；verify_base_facility_interaction_zones；SHA 3f7cd7250b0d→0e8574cd7a9a。 2026-09-12：TowerDescent99F的base_vending已迁移到PRP-BASE99-EAST-SUPPLY-24H-STATION-FACILITY-3D；本行旧自动贩卖机继续用于BaseWorld3D。
A16: PRP-BASE-LOCKER-STATION-3D | B16: 赛博储物站 | C16: 道具 | D16: base_facility | E16: vault | F16: root | G16: PRP-BASE-FACILITY-3D | H16: Top3D / local -Z 正面 | I16: default / 正式交互设施 | J16: 基地99层/保险柜设施 | K16: 已完成 | L16: P2 | M16: v004 | N16: 4材质；主体/自发光分离；独立GLB/PackedScene | O16: assets/art/props/base_world_3d/runtime/locker_station/prp_base_locker_station_root_top3d.tscn | P16: art_source/props/base_world_3d/source/locker_station/prp_base_locker_station_source_v004.blend | Q16: vault; 保险柜; 赛博储物站; 仓储设施 | R16: =LOWER(TRIM(C16)&"|"&TRIM(D16)&"|"&TRIM(E16)&"|"&TRIM(F16)&"|"&TRIM(H16)&"|"&TRIM(I16)) | S16: =IF(COUNTIF($R$6:$R$30,R16)>1,"重复","唯一") | T16: ab8d7b376a484ff1824ad12cc6e43b8d2af89fee96a71599e82c4214ddc9e639 | U16: Codex | V16: 46264 | W16: 用户自制Blender资产 | X16: — | Y16: 2026-08-11接入基地99层正式设施；BaseFacility3D绑定vault并打开VaultMenu；保留交互碰撞与Visual；模型正面为local -Z。 2026-08-30 AST-01规范化（原制作状态：正式美术已接入；原大类：3D道具） 2026-08-30 AST-02：合法内容更新；文件为Git已跟踪且修改时间不早于原台账日期；验收：verify_base_facility_framework；verify_base_facility_interaction_zones；SHA b4aa2b142d31→90b868783b9f。 2026-09-12：TowerDescent99F的vault已迁移到PRP-BASE99-NARROW-BATTERY-CABINET-FACILITY-3D；本行赛博储物站继续用于BaseWorld3D。
A17: PRP-BASE-RETRO-TV-STATION-3D | B17: 复古游戏电视站 | C17: 道具 | D17: base_facility | E17: fate_collection | F17: root | G17: PRP-BASE-FACILITY-3D | H17: Top3D / local -Z 正面 | I17: default / 正式交互设施 | J17: 基地99层/命运卡收藏室 | K17: 已完成 | L17: P2 | M17: v004 | N17: 4材质；主体/自发光分离；独立GLB/PackedScene | O17: assets/art/props/base_world_3d/runtime/retro_tv_station/prp_base_retro_tv_station_root_top3d.tscn | P17: art_source/props/base_world_3d/source/retro_tv_station/prp_base_retro_tv_station_source_v004.blend | Q17: fate_collection; 命运卡收藏室; 复古游戏电视站; 收藏设施 | R17: =LOWER(TRIM(C17)&"|"&TRIM(D17)&"|"&TRIM(E17)&"|"&TRIM(F17)&"|"&TRIM(H17)&"|"&TRIM(I17)) | S17: =IF(COUNTIF($R$6:$R$30,R17)>1,"重复","唯一") | T17: 10c47d81afa2a642754e2f633ee77bbcae8a96b92b2aa7e29da430bd8be97d73 | U17: Codex | V17: 46264 | W17: 用户自制Blender资产 | X17: — | Y17: 2026-08-11接入基地99层正式设施；BaseFacility3D绑定fate_collection并打开FateCardCollectionMenu；保留交互碰撞与Visual；模型正面为local -Z。 2026-08-30 AST-01规范化（原制作状态：正式美术已接入；原大类：3D道具） 2026-08-30 AST-02：合法内容更新；文件为Git已跟踪且修改时间不早于原台账日期；验收：verify_base_facility_framework；verify_base_facility_interaction_zones；SHA fed2c5ff578e→5664a0d62034。 2026-09-12：TowerDescent99F的fate_collection已迁移到PRP-BASE99-LOFT-COMPUTER-WORKSTATION-FACILITY-3D；本行复古电视站继续用于BaseWorld3D。
A18: PRP-BASE-WORKSHOP-STOOL-3D | B18: 赛博维修圆凳 | C18: 道具 | D18: decor_prop | E18: workshop_stool | F18: root | H18: Top3D / local -Z 正面 | I18: default / pushable / seated / swivel / driveable | J18: 基地99层美术布置层 | K18: 已完成 | L18: P2 | M18: v004 | N18: 分体座面旋转与轮脚底座滑行；乘坐限速=角色步速1.3倍；松手惯性衰减；离座防弹射；实体场景碰撞；45°倾倒自动离座，E扶正后可再次乘坐；角色专用碰撞体随刚体同步移动 | O18: assets/art/props/base_world_3d/runtime/workshop_stool/prp_base_workshop_stool_root_top3d.tscn | P18: art_source/props/base_world_3d/source/workshop_stool/prp_base_workshop_stool_source_v004.blend; assets/art/props/base_world_3d/components/workshop_stool/prp_base_workshop_stool_base_visual_v004.glb; assets/art/props/base_world_3d/components/workshop_stool/prp_base_workshop_stool_swivel_visual_v004.glb | Q18: workshop_stool; 赛博维修圆凳; 独立座椅; 可移动装饰 | R18: =LOWER(TRIM(C18)&"|"&TRIM(D18)&"|"&TRIM(E18)&"|"&TRIM(F18)&"|"&TRIM(H18)&"|"&TRIM(I18)) | S18: =IF(COUNTIF($R$6:$R$30,R18)>1,"重复","唯一") | T18: d55127e32bc890f4ecf4073f052dc8744e237cd4b62e77f672770ae114d4b6f2 | U18: Codex | V18: 46294 | W18: 用户自制Blender资产 | X18: — | Y18: 已从对应设施主体拆出；在场景装饰集合中独立摆放，不绑定facility_id。 2026-08-30 AST-01规范化（原制作状态：正式美术已接入；原大类：3D道具） 2026-08-30 AST-02：合法内容更新；文件为Git已跟踪且修改时间不早于原台账日期；验收：verify_base_facility_framework；verify_base_facility_interaction_zones；SHA a09164b2f643→24c43b83564e。 2026-09-29：99F 基地座椅接入 PushableSeat3D，角色碰撞可推动；E 上下座，方向输入通过刚体受力滑行；场景墙/地面碰撞保留，安全下座查询；verify_pushable_base_chairs 通过。 2026-09-29：维修圆凳 v004 从 v003 Blender 源分离旋转上部与滑行底座，GLB 双件；角色碰撞改走独立 PlayerBlocker 代理以消除离座刚体弹射。乘坐速度=玩家步速×1.3，松手后短距滑行并衰减；Godot 物理回归通过。 2026-09-29：v004 分体 GLB 导入设置补回设施共享色盘后处理；99F 实例验证底座和旋转上部均绑定色盘；离座碰撞与镜头回归通过。 2026-09-29：修复PlayerBlocker旧位置残留；双椅倾角超过45°自动让角色离座，再次E交互扶正；Godot物理回归验证。
A19: PRP-BASE-MISSION-COMMAND-CHAIR-3D | B19: 战术指挥椅 | C19: 道具 | D19: decor_prop | E19: mission_command_chair | F19: root | H19: Top3D / local -Z 正面 | I19: default / pushable / seated / swivel / driveable | J19: 基地99层美术布置层 | K19: 已完成 | L19: P2 | M19: v004 | N19: 分体座面旋转与轮脚底座滑行；乘坐限速=角色步速1.3倍；松手惯性衰减；离座防弹射；实体场景碰撞；45°倾倒自动离座，E扶正后可再次乘坐；角色专用碰撞体随刚体同步移动 | O19: assets/art/props/base_world_3d/runtime/mission_command_chair/prp_base_mission_command_chair_root_top3d.tscn | P19: art_source/props/base_world_3d/source/mission_command_chair/prp_base_mission_command_chair_source_v004.blend; assets/art/props/base_world_3d/components/mission_command_chair/prp_base_mission_command_chair_base_visual_v004.glb; assets/art/props/base_world_3d/components/mission_command_chair/prp_base_mission_command_chair_swivel_visual_v004.glb | Q19: mission_command_chair; 战术指挥椅; 独立座椅; 可移动装饰 | R19: =LOWER(TRIM(C19)&"|"&TRIM(D19)&"|"&TRIM(E19)&"|"&TRIM(F19)&"|"&TRIM(H19)&"|"&TRIM(I19)) | S19: =IF(COUNTIF($R$6:$R$30,R19)>1,"重复","唯一") | T19: 5dfc2145158d6e06ab80d592d868e4d0e9b5020fbecd16413473cf5109d7aa67 | U19: Codex | V19: 46294 | W19: 用户自制Blender资产 | X19: — | Y19: 已从对应设施主体拆出；在场景装饰集合中独立摆放，不绑定facility_id。 2026-08-30 AST-01规范化（原制作状态：正式美术已接入；原大类：3D道具） 2026-08-30 AST-02：合法内容更新；文件为Git已跟踪且修改时间不早于原台账日期；验收：verify_base_facility_framework；verify_base_facility_interaction_zones；SHA f16271a4dc23→a8c70158f3af。 2026-09-29：99F 基地座椅接入 PushableSeat3D，角色碰撞可推动；E 上下座，方向输入通过刚体受力滑行；场景墙/地面碰撞保留，安全下座查询；verify_pushable_base_chairs 通过。 2026-09-29：战术指挥椅 v004 从 v003 Blender 源分离旋转上部与滑行底座，GLB 双件；角色碰撞改走独立 PlayerBlocker 代理以消除离座刚体弹射。乘坐速度=玩家步速×1.3，松手后短距滑行并衰减；Godot 物理回归通过。 2026-09-29：v004 分体 GLB 导入设置补回设施共享色盘后处理；99F 实例验证底座和旋转上部均绑定色盘；离座碰撞与镜头回归通过。 2026-09-29：修复PlayerBlocker旧位置残留；双椅倾角超过45°自动让角色离座，再次E交互扶正；Godot物理回归验证。
A20: PRP-BASE99-EAST-SUPPLY-24H-STATION-FACILITY-3D | B20: 99F SUPPLY24H自动补给机（自动贩卖机） | C20: 道具 | D20: base_facility | E20: base_vending | F20: root | G20: PRP-BASE-FACILITY-3D | H20: Top3D / 模型包围盒外扩0.8m | I20: default / 99F正式交互设施 | J20: TowerDescent99F / base_vending | K20: 正式美术已接入 | L20: P1 | M20: v001 | N20: 交互盒 4.720001×6.05×4.7m；模型包围盒+0.8m | O20: assets/art/environments/base_facility_3d/runtime/env_base99_remaining_facilities/east_supply_24h_station/east_supply_24h_station_facility_top3d.tscn | P20: assets/art/environments/base_facility_3d/runtime/env_base99_remaining_facilities_v021/east_supply_24h_station/east_supply_24h_station_root_top3d_v001.tscn; src/base3d/BaseFacility3D.gd; src/world3d/TowerDescent3D.gd | Q20: base_vending; 自动贩卖机; SUPPLY24H; BaseFacility3D; 0.8m | R20: =LOWER(TRIM(C20)&"|"&TRIM(D20)&"|"&TRIM(E20)&"|"&TRIM(F20)&"|"&TRIM(H20)&"|"&TRIM(I20)) | S20: =IF(COUNTIF($R$6:$R$30,R20)>1,"重复","唯一") | T20: f1b63a344c49d28c6a5a0a1a5e438c472aaccd36e984d4b44aab002d75c4e3ac | U20: Codex | V20: 46276 | W20: 用户自制Blender资产 | X20: 72 | Y20: 2026-09-12台账补登：TowerDescent99F的base_vending已从旧自动贩卖机迁移到SUPPLY24H补给机；包装场景保持源包世界坐标与碰撞，打开BaseVendingMenu，交互区锁定为源包碰撞包围盒+0.8m。BaseWorld3D旧模型保留用于独立基地。
A21: PRP-BASE99-NARROW-BATTERY-CABINET-FACILITY-3D | B21: 99F 窄型电池柜（保险柜） | C21: 道具 | D21: base_facility | E21: vault | F21: root | G21: PRP-BASE-FACILITY-3D | H21: Top3D / 模型包围盒外扩0.8m | I21: default / 99F正式交互设施 | J21: TowerDescent99F / vault | K21: 正式美术已接入 | L21: P1 | M21: v001 | N21: 交互盒 3.18×4.82×2.39m；模型包围盒+0.8m | O21: assets/art/environments/base_facility_3d/runtime/env_base99_remaining_facilities/narrow_battery_cabinet/narrow_battery_cabinet_facility_top3d.tscn | P21: assets/art/environments/base_facility_3d/runtime/env_base99_remaining_facilities_v021/narrow_battery_cabinet/narrow_battery_cabinet_root_top3d_v001.tscn; src/base3d/BaseFacility3D.gd; src/world3d/TowerDescent3D.gd | Q21: vault; 保险柜; 窄型电池柜; BaseFacility3D; 0.8m | R21: =LOWER(TRIM(C21)&"|"&TRIM(D21)&"|"&TRIM(E21)&"|"&TRIM(F21)&"|"&TRIM(H21)&"|"&TRIM(I21)) | S21: =IF(COUNTIF($R$6:$R$30,R21)>1,"重复","唯一") | T21: 77cce4279a46a2ca32984cec8f9a232d3d50ff00198a5aaa9484e82fc9933e5d | U21: Codex | V21: 46276 | W21: 用户自制Blender资产 | X21: 47 | Y21: 2026-09-12：TowerDescent99F的vault迁移到47_窄型电池柜_资产包；包装场景保持源包世界坐标与碰撞，打开VaultMenu，交互区锁定为源包碰撞包围盒+0.8m。BaseWorld3D的赛博储物站映射保留。
A22: PRP-BASE99-WEAPON-WORKSHOP-STATION-FACILITY-3D | B22: 99F 武器工作台（怪物档案室） | C22: 道具 | D22: base_facility | E22: monster_archive | F22: root | G22: PRP-BASE-FACILITY-3D | H22: Top3D / 模型包围盒外扩0.8m | I22: default / 99F正式交互设施 | J22: TowerDescent99F / monster_archive | K22: 正式美术已接入 | L22: P1 | M22: v001 | N22: 交互盒 3.523101×5.31×7.35m；模型包围盒+0.8m | O22: assets/art/environments/base_facility_3d/runtime/env_base99_remaining_facilities/weapon_workshop_station/weapon_workshop_station_facility_top3d.tscn | P22: assets/art/environments/base_facility_3d/runtime/env_base99_remaining_facilities_v021/weapon_workshop_station/weapon_workshop_station_root_top3d_v003.tscn; src/base3d/BaseFacility3D.gd; src/world3d/TowerDescent3D.gd | Q22: monster_archive; 怪物档案室; 49_02_游戏输出; BaseFacility3D; 0.8m | R22: =LOWER(TRIM(C22)&"|"&TRIM(D22)&"|"&TRIM(E22)&"|"&TRIM(F22)&"|"&TRIM(H22)&"|"&TRIM(I22)) | S22: =IF(COUNTIF($R$6:$R$30,R22)>1,"重复","唯一") | T22: 54d8b92ae5e448613fd9f9971cd56a1fe26deb76fdfae70a9e2adcdfbefc2f02 | U22: Codex | V22: 46276 | W22: 用户自制Blender资产 | X22: 49 | Y22: 2026-09-12：TowerDescent99F新增monster_archive实体入口，绑定49_02_游戏输出_整合模型_v020；包装场景保持源包世界坐标与碰撞，打开MonsterArchiveMenu，交互区锁定为源包碰撞包围盒+0.8m。
A23: PRP-BASE99-LOFT-COMPUTER-WORKSTATION-FACILITY-3D | B23: 99F 双屏电脑工位（命运卡收藏室） | C23: 道具 | D23: base_facility | E23: fate_collection | F23: root | G23: PRP-BASE-FACILITY-3D | H23: Top3D / 模型包围盒外扩0.8m | I23: default / 99F正式交互设施 | J23: TowerDescent99F / fate_collection | K23: 正式美术已接入 | L23: P1 | M23: v001 | N23: 交互盒 9.134999×4.64×3.005m；模型包围盒+0.8m | O23: assets/art/environments/base_facility_3d/runtime/env_base99_remaining_facilities/loft_computer_workstation/loft_computer_workstation_facility_top3d.tscn | P23: assets/art/environments/base_facility_3d/runtime/env_base99_remaining_facilities_v021/loft_computer_workstation/loft_computer_workstation_root_top3d_v002.tscn; src/base3d/BaseFacility3D.gd; src/world3d/TowerDescent3D.gd | Q23: fate_collection; 命运卡收藏室; 42__02_游戏输出; BaseFacility3D; 0.8m | R23: =LOWER(TRIM(C23)&"|"&TRIM(D23)&"|"&TRIM(E23)&"|"&TRIM(F23)&"|"&TRIM(H23)&"|"&TRIM(I23)) | S23: =IF(COUNTIF($R$6:$R$30,R23)>1,"重复","唯一") | T23: 3ae4028754d49b8790f7852121f7f12fcbafaa84e3eee4a9a35994cf6ace2d07 | U23: Codex | V23: 46276 | W23: 用户自制Blender资产 | X23: 42 | Y23: 2026-09-12：TowerDescent99F的fate_collection迁移到42__02_游戏输出_整合模型；包装场景保持源包世界坐标与碰撞，打开FateCardCollectionMenu，交互区锁定为源包碰撞包围盒+0.8m。BaseWorld3D的复古电视站映射保留。
A24: PRP-BASE99-MEDICAL-CABINET-FACILITY-3D | B24: 99F MEDICAL医疗柜（状态恢复舱） | C24: 道具 | D24: base_facility | E24: base_recovery | F24: root | G24: PRP-BASE-FACILITY-3D | H24: Top3D / 模型包围盒外扩0.8m | I24: default / 99F正式交互设施 | J24: TowerDescent99F / base_recovery | K24: 正式美术已接入 | L24: P1 | M24: v001 | N24: 交互盒 3.18×4.93×2.39m；模型包围盒+0.8m | O24: assets/art/environments/base_facility_3d/runtime/env_base99_remaining_facilities/medical_cabinet/medical_cabinet_facility_top3d.tscn | P24: assets/art/environments/base_facility_3d/runtime/env_base99_remaining_facilities_v021/medical_cabinet/medical_cabinet_root_top3d_v001.tscn; src/base3d/BaseFacility3D.gd; src/world3d/TowerDescent3D.gd | Q24: base_recovery; 状态恢复舱; MEDICAL医疗柜; BaseFacility3D; 0.8m | R24: =LOWER(TRIM(C24)&"|"&TRIM(D24)&"|"&TRIM(E24)&"|"&TRIM(F24)&"|"&TRIM(H24)&"|"&TRIM(I24)) | S24: =IF(COUNTIF($R$6:$R$30,R24)>1,"重复","唯一") | T24: e30407ccfc3b4e5d48a1236d388ca91ba1862458b43c206a84d3c861e8e6b6c8 | U24: Codex | V24: 46276 | W24: 用户自制Blender资产 | X24: 45 | Y24: 2026-09-12：TowerDescent99F的base_recovery迁移到45_MEDICAL医疗柜_资产包；包装场景保持源包世界坐标与碰撞，打开BaseRecoveryMenu，交互区锁定为源包碰撞包围盒+0.8m。
A25: PRP-BASE99-LOFT-LOUNGE-SOFA-FACILITY-3D | B25: 99F 墨绿三人沙发（角色衣柜） | C25: 道具 | D25: base_facility | E25: avatar_wardrobe | F25: root | G25: PRP-BASE-FACILITY-3D | H25: Top3D / 模型包围盒外扩0.8m | I25: default / 99F正式交互设施 | J25: TowerDescent99F / avatar_wardrobe | K25: 正式美术已接入 | L25: P1 | M25: v001 | N25: 交互盒 6.42×3.431646×3.481379m；模型包围盒+0.8m | O25: assets/art/environments/base_facility_3d/runtime/env_base99_remaining_facilities/loft_lounge_sofa/loft_lounge_sofa_facility_top3d.tscn | P25: assets/art/environments/base_facility_3d/runtime/env_base99_remaining_facilities_v021/loft_lounge_sofa/loft_lounge_sofa_root_top3d_v002.tscn; src/base3d/BaseFacility3D.gd; src/world3d/TowerDescent3D.gd | Q25: avatar_wardrobe; 角色衣柜; 墨绿三人休闲沙发; BaseFacility3D; 0.8m | R25: =LOWER(TRIM(C25)&"|"&TRIM(D25)&"|"&TRIM(E25)&"|"&TRIM(F25)&"|"&TRIM(H25)&"|"&TRIM(I25)) | S25: =IF(COUNTIF($R$6:$R$30,R25)>1,"重复","唯一") | T25: 6ccb6a810717b40f8f1de56e3de87fdcebebc66ae4c187d4ff30e909eed5afd7 | U25: Codex | V25: 46276 | W25: 用户自制Blender资产 | X25: 36 | Y25: 2026-09-12：TowerDescent99F的avatar_wardrobe迁移到36_墨绿三人休闲沙发_资产包；包装场景保持源包世界坐标与碰撞，打开WardrobeMenu3D，交互区锁定为源包碰撞包围盒+0.8m。
A26: PRP-BASE99-TELESCOPIC-LADDER-3D | B26: 99F东阁楼双段伸缩直梯 | C26: 道具 | D26: decor_prop | E26: base99_rooftop_telescopic_ladder | F26: root | H26: Top3D / 固定位置 | I26: retracted / deploying / deployed / climbing | J26: TowerDescent99F / base100_rooftop | K26: 正式美术已接入 | L26: P1 | M26: v002 | N26: 双段6m直梯；上端E放下；展开后两端E自动攀爬、反向输入折返；顶部穿东门至100F平台、底部落99F阁楼；场景实体碰撞；展开状态存档 | O26: assets/art/props/base_world_3d/runtime/base99_telescopic_ladder/prp_base99_telescopic_ladder_root_top3d.tscn | P26: art_source/props/base_world_3d/source/base99_telescopic_ladder/prp_base99_telescopic_ladder_source_v002.blend; assets/art/props/base_world_3d/components/base99_telescopic_ladder/prp_base99_telescopic_ladder_upper_visual_top3d.glb; assets/art/props/base_world_3d/components/base99_telescopic_ladder/prp_base99_telescopic_ladder_lower_visual_top3d.glb; src/base3d/Base99TelescopicLadder3D.gd; src/player3d/states/Player3DClimbingState.gd | Q26: 99F;100F;伸缩直梯;可使用道具;攀爬;双段梯 | R26: =LOWER(TRIM(C26)&"|"&TRIM(D26)&"|"&TRIM(E26)&"|"&TRIM(F26)&"|"&TRIM(H26)&"|"&TRIM(I26)) | S26: =IF(COUNTIF($R$6:$R$30,R26)>1,"重复","唯一") | T26: 26a53eee81db5dd6f5ce6a0dc7fe80b8de20044d64a7948b643adf503af98e83 | U26: Codex | V26: 46294 | W26: 用户指定Blender资产 | X26: 99F-100F-EAST-LADDER | Y26: 2026-09-29：梯子贴合99F东墙并朝向阁楼；上端跨东门落100F平台。Blender v002 直接复用基地母版的四种既有材质，不新增或调整材质参数。展开一次后永久保持并写入基地存档。
A27: PRP-BASE99-RADIO-3D | B27: 99F阁楼收音机 | C27: 道具 | D27: decor_prop | E27: base99_radio | F27: root | H27: Top3D / local -Z 正面 | I27: off / music_a / music_b | J27: 基地99层美术布置层 / env_base_facility_art_layout_top3d | K27: 正式美术已接入 | L27: P1 | M27: v005.1 | N27: 宽0.828m × 深0.456m × 高0.822m；599面/1190三角形<800面；机身铜橙金属、天线与提手等范围外几何签名保持；单根三节斜金属天线29.35度；四材质公共色盘外链/PaletteUV/Closest；StatusLight为顶面偏前侧12边低模凸帽，直径0.2m，替换旧灯且不重复，避开提手/天线；off红常亮、A/B同绿常亮、离开99F红待机；发光能量1.5；ItemRoot/Visual/ItemRoot/StatusLight实际导入路径稳定；左键/E关→A→B→关及Music逻辑不变；root scale=1，bounds不变；可见性门禁=True；原生1280x720像素证据=outputs/base99_radio_v005/pixel_metrics_runtime.json。 runtime v005.1：模型/Blender/GLB保持v005；新增独立VFX音符附件，预算另计。独立radio child纯视觉持续附件；5预制QuadMesh槽位/10三角形；Godot生成四分/八分/双八分音符纹理，无字体依赖；billboard当前相机；淡青绿/暖金unshaded无emission；2.5发/s、寿命1.8s、上飘1.1m、横摆0.09m、尺度0.88~1.06、淡入0.16s、末0.45s淡出；本地挂点Y1.42m；无碰撞/灯光/音频；真实playing驱动，A/B连续，off/离99/exit同步清空；不进任何战斗池。 空间声音契约v001：唯一AudioStreamPlayer3D；Music总线；unit_size=18.0m；max_distance=78.0m；attenuation_model=inverse_square；99F正式边界Rect2(-50,-35,100,80)内source volume=0dB；边界外起始-18dB并按4dB/m继续衰减，最低-42dB；不复制播放；收音机离开99F停播/返回后手动开启，模型摆位、音符表现与音乐控制不变。 | O27: assets/art/props/base_world_3d/runtime/base99_radio/prp_base99_radio_root_top3d.tscn | P27: art_source/props/base_world_3d/source/base99_radio/prp_base99_radio_source_v005.blend; art_source/props/base_world_3d/source/base99_radio/export/v005/prp_base99_radio_optimized_v005.blend; assets/art/props/base_world_3d/components/base99_radio/prp_base99_radio_visual_top3d.glb; src/base3d/Base99Radio3D.gd; outputs/base99_radio_v005/asset_manifest.json; outputs/base99_radio_v005/final_acceptance.json; assets/art/vfx/environment_3d/radio_music_notes/vfx_radio_music_notes_root_top3d.tscn; src/vfx/VfxRadioMusicNotes3D.gd; tests/verification/verify_base99_radio_music_notes.tscn | Q27: base99_radio; 99F阁楼收音机; 收音机; 可交互道具; 基地音乐A; 基地音乐B; Music | R27: =LOWER(TRIM(C27)&"|"&TRIM(D27)&"|"&TRIM(E27)&"|"&TRIM(F27)&"|"&TRIM(H27)&"|"&TRIM(I27)) | S27: =IF(COUNTIF($R$6:$R$30,R27)>1,"重复","唯一") | T27: 0f60c1333330feaaef984b64539c73d284fd13fd3b89cd3df5497394c85442ca | U27: Codex | V27: 46303 | W27: 用户指定Blender资产 | X27: BASE99-RADIO-INTERACTIVE | Y27: v005局部状态灯深化；旧v004源/优化保留；顶面偏前侧12边凸帽直径0.2m；599面/1190三角；结构/UV/公共色盘与交互结果详见当前final_acceptance；正常玩家及全阁楼红绿可辨门禁=True，像素详见pixel_metrics_runtime.json；音乐/摆位/范围外几何不变；GLB SHA-256=0b2cf2fcba9832ce8b37b62185e016f294ee834555439b71b11c543e0244851d；source SHA-256=d707298407d52dd5ce36c7f6de3fdef71dcfbfdac986cadf6d250318a3628a12；optimized SHA-256=448f30da74d0e118a032842e9eed2d49e8befcfcce24cb6f386547011b492ec1 【runtime v005.1】主体模型v005未重做；收音机持有MusicNotes持续视觉附件；验收=outputs/base99_radio_music_notes/final_acceptance.json；空间声音契约v001：唯一AudioStreamPlayer3D；Music总线；unit_size=18.0m；max_distance=78.0m；attenuation_model=inverse_square；99F正式边界Rect2(-50,-35,100,80)内source volume=0dB；边界外起始-18dB并按4dB/m继续衰减，最低-42dB；不复制播放；收音机离开99F停播/返回后手动开启，模型摆位、音符表现与音乐控制不变。 验收=outputs/base99_radio_sound_v001/sound_acceptance.json。
A28: ITM-EQUIPMENT-BACKPACK-SMALL-3D | B28: 小号粉色圆顶背包 | C28: 道具 | D28: equipment | E28: equipment_backpack_2 | F28: root_3d | G28: ITM-EQUIPMENT-BACKPACK-3D | H28: 俯视3D / local +Z正面 | I28: tier_0_static | J28: 仅表现；地面拾取/UI图标/角色BackpackSocket共用；容量和存档规则不变 | K28: 待制作 | L28: P0 | M28: v001 | N28: 0.56×0.28×0.60m；整包中心原点；<=500三角；无背部肩带；场景四材质/公共色盘 | P28: src/world3d/ItemModelFactory3D.gd; tests/verification/verify_backpack_equipment_flow.tscn | Q28: backpack;小号粉色圆顶背包 | R28: =LOWER(TRIM(C28)&"|"&TRIM(D28)&"|"&TRIM(E28)&"|"&TRIM(F28)&"|"&TRIM(H28)&"|"&TRIM(I28)) | S28: =IF(COUNTIF($R$6:$R$30,R28)>1,"重复","唯一") | U28: WorkBuddy | V28: 46303 | W28: 用户参考图重建；项目公共色盘 | X28: PRP_小号粉色圆顶背包_中文资产管理 | Y28: 新增身份，非历史已有ID；尺寸经用户批准；静态闭合表现；以asset_contract.json冻结。
A29: ITM-EQUIPMENT-BACKPACK-MEDIUM-3D | B29: 中号黄色单扣背包 | C29: 道具 | D29: equipment | E29: equipment_backpack_4 | F29: root_3d | G29: ITM-EQUIPMENT-BACKPACK-3D | H29: 俯视3D / local +Z正面 | I29: tier_0_static | J29: 仅表现；地面拾取/UI图标/角色BackpackSocket共用；容量和存档规则不变 | K29: 待制作 | L29: P0 | M29: v001 | N29: 0.66×0.33×0.74m；整包中心原点；<=500三角；无背部肩带；场景四材质/公共色盘 | P29: src/world3d/ItemModelFactory3D.gd; tests/verification/verify_backpack_equipment_flow.tscn | Q29: backpack;中号黄色单扣背包 | R29: =LOWER(TRIM(C29)&"|"&TRIM(D29)&"|"&TRIM(E29)&"|"&TRIM(F29)&"|"&TRIM(H29)&"|"&TRIM(I29)) | S29: =IF(COUNTIF($R$6:$R$30,R29)>1,"重复","唯一") | U29: WorkBuddy | V29: 46303 | W29: 用户参考图重建；项目公共色盘 | X29: PRP_中号黄色单扣背包_中文资产管理 | Y29: 新增身份，非历史已有ID；尺寸经用户批准；静态闭合表现；以asset_contract.json冻结。
A30: ITM-EQUIPMENT-BACKPACK-LARGE-3D | B30: 大号青色卷铺盖背包 | C30: 道具 | D30: equipment | E30: equipment_backpack_8 | F30: root_3d | G30: ITM-EQUIPMENT-BACKPACK-3D | H30: 俯视3D / local +Z正面 | I30: tier_0_static | J30: 仅表现；地面拾取/UI图标/角色BackpackSocket共用；容量和存档规则不变 | K30: 待制作 | L30: P0 | M30: v001 | N30: 0.76×0.38×0.88m；整包中心原点；<=500三角；无背部肩带；场景四材质/公共色盘 | P30: src/world3d/ItemModelFactory3D.gd; tests/verification/verify_backpack_equipment_flow.tscn | Q30: backpack;大号青色卷铺盖背包 | R30: =LOWER(TRIM(C30)&"|"&TRIM(D30)&"|"&TRIM(E30)&"|"&TRIM(F30)&"|"&TRIM(H30)&"|"&TRIM(I30)) | S30: =IF(COUNTIF($R$6:$R$30,R30)>1,"重复","唯一") | U30: WorkBuddy | V30: 46303 | W30: 用户参考图重建；项目公共色盘 | X30: PRP_大号青色卷铺盖背包_中文资产管理 | Y30: 新增身份，非历史已有ID；尺寸经用户批准；静态闭合表现；以asset_contract.json冻结。

Sheet 3D-道具
A1: ShellStorm2 · 道具 3D Prefab
A2: 桌椅、家具、容器、收音机和摆放装饰物；本次扫描 4 个独立Prefab。
A4: AssetID | B4: 中文名 | C4: Prefab路径 | D4: GLB模型路径 | E4: Blender源文件 | F4: 功能说明 | G4: 功能脚本路径 | H4: 碰撞开关 | I4: 碰撞归属 | J4: 碰撞方式 | K4: 标准尺寸 | L4: 原点与朝向 | M4: 使用位置 | N4: 制作状态 | O4: 版本 | P4: 备注
A5: PRP-BASE-MISSION-COMMAND-CHAIR-3D | B5: 战术指挥椅 | C5: assets/art/props/base_world_3d/runtime/mission_command_chair/prp_base_mission_command_chair_root_top3d_v001.tscn | D5: assets/art/props/base_world_3d/components/mission_command_chair/prp_base_mission_command_chair_visual_top3d_v003.glb | E5: ../ShellStorm2-backup/2026-10-11_slimming/original_tree/art_source/props/base_world_3d/source/mission_command_chair/prp_base_mission_command_chair_source_v001.blend | F5: 可复用摆放道具Prefab | H5: 无 | I5: 无 | J5: 无 | K5: 最多4材质；独立GLB/PackedScene；无交互碰撞 | L5: -Z | M5: 基地99层美术布置层 | N5: 正式美术已接入 | O5: v001 | P5: 根节点=战术指挥椅(Node3D)
A6: PRP-BASE-WORKSHOP-STOOL-3D | B6: 赛博维修圆凳 | C6: assets/art/props/base_world_3d/runtime/workshop_stool/prp_base_workshop_stool_root_top3d_v001.tscn | D6: assets/art/props/base_world_3d/components/workshop_stool/prp_base_workshop_stool_visual_top3d_v003.glb | E6: ../ShellStorm2-backup/2026-10-11_slimming/original_tree/art_source/props/base_world_3d/source/workshop_stool/prp_base_workshop_stool_source_v001.blend | F6: 可复用摆放道具Prefab | H6: 无 | I6: 无 | J6: 无 | K6: 最多4材质；独立GLB/PackedScene；无交互碰撞 | L6: -Z | M6: 基地99层美术布置层 | N6: 正式美术已接入 | O6: v001 | P6: 根节点=赛博维修圆凳(Node3D)
A7: PRP-ROOM-FURNITURE-3D | B7: 房间家具3D通用模块 | C7: assets/art/props/dungeon_3d/prp_room_furniture_root_top3d_v001.tscn | F7: 可复用摆放道具Prefab | G7: src/world3d/RoomFurniture3D.gd | H7: 开 | I7: Prefab自身 | J7: 脚本生成 | K7: PackedScene/类型与尺寸配置 | L7: 未声明 | M7: 全部3D房间 | N7: 原型已接入 | O7: v001 | P7: 根节点=RoomFurniture3D(Area3D)
A8: PRP-BASE99-RADIO-3D | B8: 99F阁楼收音机 | C8: assets/art/props/base_world_3d/runtime/base99_radio/prp_base99_radio_root_top3d.tscn | D8: assets/art/props/base_world_3d/components/base99_radio/prp_base99_radio_visual_top3d.glb | E8: art_source/props/base_world_3d/source/base99_radio/prp_base99_radio_source_v005.blend | F8: 可复用摆放道具Prefab；左键/E循环关→基地音乐A→基地音乐B→关；AudioStreamPlayer3D走Music总线 | G8: src/base3d/Base99Radio3D.gd | H8: 开 | I8: Prefab自身 | J8: 独立WorldCollision + InteractionHitArea | K8: 宽0.828m × 深0.456m × 高0.822m；599面/1190三角形<800面；机身铜橙金属、天线与提手等范围外几何签名保持；单根三节斜金属天线29.35度；四材质公共色盘外链/PaletteUV/Closest；StatusLight为顶面偏前侧12边低模凸帽，直径0.2m，替换旧灯且不重复，避开提手/天线；off红常亮、A/B同绿常亮、离开99F红待机；发光能量1.5；ItemRoot/Visual/ItemRoot/StatusLight实际导入路径稳定；左键/E关→A→B→关及Music逻辑不变；root scale=1，bounds不变；可见性门禁=True；原生1280x720像素证据=outputs/base99_radio_v005/pixel_metrics_runtime.json。 runtime补丁：独立radio child纯视觉持续附件；5预制QuadMesh槽位/10三角形；Godot生成四分/八分/双八分音符纹理，无字体依赖；billboard当前相机；淡青绿/暖金unshaded无emission；2.5发/s、寿命1.8s、上飘1.1m、横摆0.09m、尺度0.88~1.06、淡入0.16s、末0.45s淡出；本地挂点Y1.42m；无碰撞/灯光/音频；真实playing驱动，A/B连续，off/离99/exit同步清空；不进任何战斗池。；空间声音契约v001：唯一AudioStreamPlayer3D；Music总线；unit_size=18.0m；max_distance=78.0m；attenuation_model=inverse_square；99F正式边界Rect2(-50,-35,100,80)内source volume=0dB；边界外起始-18dB并按4dB/m继续衰减，最低-42dB；不复制播放；收音机离开99F停播/返回后手动开启，模型摆位、音符表现与音乐控制不变。 | L8: 底面Y=0；根ItemRoot居中；local -Z正面；scale=1 | M8: 99F阁楼北墙/床左侧46号BATTERY柜顶；layout=(-1.95,6.97,-13.87143)，yaw=10度 | N8: 正式美术已接入 | O8: v005.1 | P8: ItemRoot/Visual/StatusLight接口不变；StatusLight顶面偏前侧12边低模凸帽；单一灯，无billboard/UI/bloom；源=d707298407d52dd5ce36c7f6de3fdef71dcfbfdac986cadf6d250318a3628a12；优化=448f30da74d0e118a032842e9eed2d49e8befcfcce24cb6f386547011b492ec1；GLB=0b2cf2fcba9832ce8b37b62185e016f294ee834555439b71b11c543e0244851d；Prefab=97b35c66bd00f9662a12f8b8359023c4cf714bd9e434cb804c20bf9ea83ee90c；证据=outputs/base99_radio_v005/；runtime v005.1，model v005；附件=VFX-RADIO-MUSIC-NOTES-3D；Prefab SHA=0f60c1333330feaaef984b64539c73d284fd13fd3b89cd3df5497394c85442ca；空间声音契约=空间声音契约v001：唯一AudioStreamPlayer3D；Music总线；unit_size=18.0m；max_distance=78.0m；attenuation_model=inverse_square；99F正式边界Rect2(-50,-35,100,80)内source volume=0dB；边界外起始-18dB并按4dB/m继续衰减，最低-42dB；不复制播放；收音机离开99F停播/返回后手动开启，模型摆位、音符表现与音乐控制不变。；验收=outputs/base99_radio_sound_v001/sound_acceptance.json；账本证据=outputs/base99_radio_sound_v001/ledger_evidence.json

Sheet 3D-物品
A1: ShellStorm2 · 物品 3D Prefab
A2: 独立物品PackedScene；3款背包已登记，等待制作与验收。
A4: AssetID | B4: 中文名 | C4: Prefab路径 | D4: GLB模型路径 | E4: Blender源文件 | F4: 功能说明 | G4: 功能脚本路径 | H4: 碰撞开关 | I4: 碰撞归属 | J4: 碰撞方式 | K4: 标准尺寸 | L4: 原点与朝向 | M4: 使用位置 | N4: 制作状态 | O4: 版本 | P4: 备注
A5: ITM-EQUIPMENT-BACKPACK-SMALL-3D | B5: 小号粉色圆顶背包 | C5: assets/art/items_weapons/props/backpack_small/runtime/prp_backpack_small_root_top3d.tscn | D5: assets/art/items_weapons/props/backpack_small/components/prp_backpack_small_visual_top3d.glb | E5: art_source/items_weapons/props/backpack_small/source/prp_backpack_small_source_v001.blend | F5: 仅表现；地面拾取/UI图标/角色BackpackSocket共用；容量和存档规则不变 | G5: src/world3d/ItemModelFactory3D.gd | H5: 无 | I5: 无 | J5: 无 | K5: 0.56×0.28×0.60m | L5: 整包包围盒中心原点；Godot +Z前袋朝外，+Y向上；Blender -Y前袋朝外，+Z向上 | M5: 世界掉落/UI图标/玩家BackpackSocket | N5: 待制作 | O5: v001 | P5: 真实PackedScene骨架已创建；视觉制作及验收待完成；禁止视为正式资产。
A6: ITM-EQUIPMENT-BACKPACK-MEDIUM-3D | B6: 中号黄色单扣背包 | C6: assets/art/items_weapons/props/backpack_medium/runtime/prp_backpack_medium_root_top3d.tscn | D6: assets/art/items_weapons/props/backpack_medium/components/prp_backpack_medium_visual_top3d.glb | E6: art_source/items_weapons/props/backpack_medium/source/prp_backpack_medium_source_v001.blend | F6: 仅表现；地面拾取/UI图标/角色BackpackSocket共用；容量和存档规则不变 | G6: src/world3d/ItemModelFactory3D.gd | H6: 无 | I6: 无 | J6: 无 | K6: 0.66×0.33×0.74m | L6: 整包包围盒中心原点；Godot +Z前袋朝外，+Y向上；Blender -Y前袋朝外，+Z向上 | M6: 世界掉落/UI图标/玩家BackpackSocket | N6: 待制作 | O6: v001 | P6: 真实PackedScene骨架已创建；视觉制作及验收待完成；禁止视为正式资产。
A7: ITM-EQUIPMENT-BACKPACK-LARGE-3D | B7: 大号青色卷铺盖背包 | C7: assets/art/items_weapons/props/backpack_large/runtime/prp_backpack_large_root_top3d.tscn | D7: assets/art/items_weapons/props/backpack_large/components/prp_backpack_large_visual_top3d.glb | E7: art_source/items_weapons/props/backpack_large/source/prp_backpack_large_source_v001.blend | F7: 仅表现；地面拾取/UI图标/角色BackpackSocket共用；容量和存档规则不变 | G7: src/world3d/ItemModelFactory3D.gd | H7: 无 | I7: 无 | J7: 无 | K7: 0.76×0.38×0.88m | L7: 整包包围盒中心原点；Godot +Z前袋朝外，+Y向上；Blender -Y前袋朝外，+Z向上 | M7: 世界掉落/UI图标/玩家BackpackSocket | N7: 待制作 | O7: v001 | P7: 真实PackedScene骨架已创建；视觉制作及验收待完成；禁止视为正式资产。

Sheet 域变更日志
A1: 道具账本变更日志
A3: 只记录本账本的域内变更；跨域与全局变更记录在主账本《版本记录》
A5: 台账版本 | B5: 日期 | C5: 变更类型 | D5: 范围 | E5: 说明 | F5: 兼容性 | G5: 负责人
A6: v0.1.0 | B6: 2026-09-18 | C6: 分账本建立 | D6: 道具 | E6: 由单体账本《ShellStorm2_美术资产台账_v001.xlsx》按大类拆分而来；本账本接管大类=道具，条目内容逐格不变，仅登记位置变化。 | F6: 资产条目、AssetID、路径与哈希全部不变；只换文件。旧引用可用 scripts/ledger_registry.py 解析。 | G6: 摩斯拉
A7: v0.1.1 | B7: 2026-09-29 | C7: 99F座椅乘坐与驾驶 | D7: 道具 / 基地座椅 | E7: 维修圆凳与战术指挥椅改为可推刚体、可乘坐驾驶；与场景碰撞交互。 | F7: 更新两条既有资产的状态、规格、v003 源、SHA、备注和日期；AssetID 与运行时路径不变。 | G7: Codex
A8: v0.1.2 | B8: 2026-09-29 | C8: 99F旋转椅分体与离座防弹射 | D8: 道具 / 基地座椅 | E8: 两把椅子从 v003 源派生 v004；轮脚底座物理滑行、座面/靠背独立转向；乘坐1.3倍步速与松手惯性。 | F8: 更新两条既有资产的版本、双GLB来源、物理规格、SHA与备注；AssetID和运行时PackedScene路径不变。 | G8: Codex
A9: v0.1.3 | B9: 2026-09-29 | C9: 99F座椅材质与上下座回归 | D9: 道具 / 基地座椅 | E9: 两把椅子的分体视觉恢复共享材质；验证上下座碰撞、镜头高度及座中射击。 | F9: 更新既有资产记录与验收契约；保留 AssetID 和稳定 PackedScene 路径。 | G9: Codex
A10: v0.1.4 | B10: 2026-09-29 | C10: 99F双段伸缩直梯正式接入 | D10: 道具 / 基地交互道具 | E10: 新增伸缩直梯 AssetID；双段GLB、固定碰撞、展开动画、攀爬状态与存档接入。 | F10: 更新资产主表与运行时事实源；既有历史资源保留。 | G10: Codex
A11: v0.1.5 | B11: 2026-10-05 | C11: 99F阁楼收音机正式接入 | D11: 道具 / 场景可交互道具 | E11: 更新 PRP-BASE99-RADIO-3D 至 v005：顶面偏前侧12边凸起状态灯、600面/1200三角、正式 GLB/源/优化/PackedScene 哈希及正常玩家镜头像素验收证据。 | F11: 更新资产主表、3D-道具分页、总览公式、DV和无损基线；既有椅子/梯子行保持不变。模型StatusLight命名误报单独保留，未宣称模型门禁全过。 | G11: Codex
A12: v0.1.6 | B12: 2026-10-05 | C12: 99F阁楼收音机v002低模改造 | D12: 道具 / 场景可交互道具 | E12: 更新 PRP-BASE99-RADIO-3D 至 v002；598面/1116三角形；保留v001回滚源；稳定Prefab路径与ItemRoot/Visual/StatusLight接口不变。 | F12: 同步Prefab版本与GLB SHA；更新规格、源路径、哈希和无损基线；不改脚本、正式场景摆位和音乐逻辑。 | G12: Codex
A13: v0.1.7 | B13: 2026-10-06 | C13: 99F阁楼收音机v003尺寸与材质摆位 | D13: 道具 / 场景可交互道具 | E13: 更新radio到v003：各轴2倍，598面/1116三角形；深墨绿/铜棕；46号BATTERY柜顶10度斜摆；保留v001/v002。 | F13: 稳定路径、off/A/B交互不变；同步碰撞/音源/Tooltip；真实运行时承载与输入验收；更新仅radio指纹和3D-道具摘要。 | G13: WorkBuddy
A14: v0.1.8 | B14: 2026-10-07 | C14: 99F收音机v004铜橙金属与常驻红绿灯 | D14: 道具 / decor_prop | E14: 646面/1264三角；替换单根斜伸缩天线；off红、A/B同绿，离楼停止音乐但红灯待机；旧源与摆位不改 | F14: 仅更新radio登记指纹、3D-道具摘要；严检UV和真实窗口交互截图通过 | G14: WorkBuddy
A15: v0.1.9 | B15: 2026-10-07 | C15: 99F收音机v005顶面偏前侧凸起状态灯 | D15: 道具 / decor_prop | E15: 586面/1156三角；StatusLight替换为直径0.14m、12边低模顶面凸帽；off红、A/B同绿、离楼红待机；音乐与摆位规则不变 | F15: 源/优化/GLB/Prefab独立重导；Blender严格结构UV材质通过；Godot真实状态交互通过；正常俯视镜头量化证据已归档 | G15: WorkBuddy
A16: v0.1.10 | B16: 2026-10-07 | C16: 99F收音机v005顶面偏前侧凸起状态灯 | D16: 道具 / decor_prop | E16: 586面/1156三角；StatusLight替换为直径0.14m、12边低模顶面凸帽；off红、A/B同绿、离楼红待机；音乐与摆位规则不变 | F16: 源/优化/GLB/Prefab独立重导；Blender严格结构UV材质通过；Godot真实状态交互通过；正常俯视镜头量化证据已归档 | G16: WorkBuddy
... A18: v0.1.12 | B18: 2026-10-07 | C18: 99F收音机v005顶面偏前侧凸起状态灯 | D18: 道具 / decor_prop | E18: 600面/1200三角；StatusLight替换为直径0.16m、12边低模顶面凸帽；off红、A/B同绿、离楼红待机；近景红绿通过；正常玩家全阁楼远景可辨性未通过 | F18: 源/优化/GLB/Prefab独立重导；结构/UV/公共色盘导入契约通过；0.16m同镜头截图已归档；完整交互回归受范围外 CharacterMotionLibrary3D.gd:81 编译错误阻塞；full props存在13条非本次sha mismatch | G18: WorkBuddy
A19: v0.1.13 | B19: 46303 | C19: 运行时补丁 | D19: 道具 · 资产主表 | E19: PRP-BASE99-RADIO-3D runtime v005.1，模型v005不变；更新Prefab哈希与播放音符附件规格。 | F19: 稳定ID/路径不变；主体v005几何与灯帽不变；不改点击或玩法 | G19: CodeBuddy
A20: v0.1.14 | B20: 46303 | C20: 更新Prefab专表 | D20: 道具 · 3D-道具 | E20: 收音机runtime v005.1规格与Prefab哈希；源/优化/GLB/灯帽未改。专表独立事务。 | F20: 稳定ID/路径不变；主体v005几何与灯帽不变；不改点击或玩法 | G20: CodeBuddy
A21: v0.1.15 | B21: 2026-10-08 | C21: 三款无肩带背包：register | D21: 道具 / equipment | E21: ITM-EQUIPMENT-BACKPACK-SMALL-3D,ITM-EQUIPMENT-BACKPACK-MEDIUM-3D,ITM-EQUIPMENT-BACKPACK-LARGE-3D | F21: 仅授权背包；其他资产内容和指纹不变。 | G21: WorkBuddy
A22: v0.1.16 | B22: 2026-10-08 | C22: 三款无肩带背包：prefab | D22: 道具 / equipment | E22: ITM-EQUIPMENT-BACKPACK-SMALL-3D,ITM-EQUIPMENT-BACKPACK-MEDIUM-3D,ITM-EQUIPMENT-BACKPACK-LARGE-3D | F22: 仅授权背包；其他资产内容和指纹不变。 | G22: WorkBuddy
A23: v0.1.17 | B23: 46304 | C23: 99F收音机空间声音v001 | D23: 道具 / 场景可交互道具 | E23: PRP-BASE99-RADIO-3D runtime v005.1 增加可量化3D空间声音契约：空间声音契约v001：唯一AudioStreamPlayer3D；Music总线；unit_size=18.0m；max_distance=78.0m；attenuation_model=inverse_square；99F正式边界Rect2(-50,-35,100,80)内source volume=0dB；边界外起始-18dB并按4dB/m继续衰减，最低-42dB；不复制播放；收音机离开99F停播/返回后手动开启，模型摆位、音符表现与音乐控制不变。 | F23: 仅更新资产主表第27行、3D-道具第8行、域变更日志和baseline；不改模型、摆位、音符表现、音乐控制或唯一AudioStreamPlayer3D结构。新sound test通过；原radio headless鼠标路径与music notes超时按原始日志单独记录。 | G23: CodeBuddy
