Workbook

Sheet 总览
A1: SHELLSTORM 2 · UI资产账本 v0.1
A3: 归属域=UI｜覆盖大类=UI｜AssetID 前缀=UI｜主账本（总目录）=assets/registry/ShellStorm2_美术资产台账_v001.xlsx；本账本可独立并行编辑，跨域契约见主账本
A5: 资产总数 | C5: 已完成/已接入 | E5: 待制作/程序占位 | G5: 重复警报 | I5: 域内专表 / 3D Prefab 分页
A6: =COUNTA('资产主表'!$A$6:$A$21) | C6: =COUNTIF('资产主表'!$K$6:$K$21,"已完成")+COUNTIF('资产主表'!$K$6:$K$21,"原型已接入")+COUNTIF('资产主表'!$K$6:$K$21,"正式美术已接入")+COUNTIF('资产主表'!$K$6:$K$21,"已优化并正式接入")+COUNTIF('资产主表'!$K$6:$K$21,"Blender源已完成")+COUNTIF('资产主表'!$K$6:$K$21,"已导入；优化完成")+COUNTIF('资产主表'!$K$6:$K$21,"白模源已完成；QA PASS") | E6: =COUNTIF('资产主表'!$K$6:$K$21,"待制作")+COUNTIF('资产主表'!$K$6:$K$21,"程序占位") | G6: =COUNTIF('资产主表'!$S$6:$S$21,"重复") | I6: 域内专表：无 | 3D Prefab 分页：无
A9: 大类 | B9: 资产数 | C9: 完成/接入 | E9: 本账本只登记上列大类；跨域搬运资产须同步主账本《分类与编码》并重跑门禁
A10: UI | B10: =COUNTIF('资产主表'!$C$6:$C$21,A10) | C10: =SUMPRODUCT(('资产主表'!$C$6:$C$21=A10)*(('资产主表'!$K$6:$K$21="已完成")+('资产主表'!$K$6:$K$21="原型已接入")+('资产主表'!$K$6:$K$21="正式美术已接入")+('资产主表'!$K$6:$K$21="已优化并正式接入")+('资产主表'!$K$6:$K$21="Blender源已完成")+('资产主表'!$K$6:$K$21="已导入；优化完成")+('资产主表'!$K$6:$K$21="白模源已完成；QA PASS")))
A11: 合计 | B11: =COUNTIF('资产主表'!$C$6:$C$21,A11) | C11: =SUMPRODUCT(('资产主表'!$C$6:$C$21=A11)*(('资产主表'!$K$6:$K$21="已完成")+('资产主表'!$K$6:$K$21="原型已接入")+('资产主表'!$K$6:$K$21="正式美术已接入")+('资产主表'!$K$6:$K$21="已优化并正式接入")+('资产主表'!$K$6:$K$21="Blender源已完成")+('资产主表'!$K$6:$K$21="已导入；优化完成")+('资产主表'!$K$6:$K$21="白模源已完成；QA PASS")))

Sheet 账本说明
A1: 本账本说明 · UI
A3: 本表是分账本自描述；机器可读真源为 assets/registry/ledger_index.json，二者不一致时以 JSON 为准
A5: 项 | B5: 值
A6: 账本归属域 | B6: UI
A7: 分账本文件 | B7: assets/registry/ledgers/ShellStorm2_UI账本_v001.xlsx
A8: 覆盖大类 | B8: UI
A9: AssetID 前缀 | B9: UI
A10: 域内专表 | B10: 无
A11: 3D Prefab 分页 | B11: 无
A12: 动画登记表 | B12: 无
A13: 主账本（总目录） | B13: assets/registry/ShellStorm2_美术资产台账_v001.xlsx
A14: 跨域契约 | B14: 分类与编码 / 命名与查重 / 版本记录 / Skill 清单 / 3D Prefab 总控 —— 全部只在主账本维护
A15: 首选制作 Skill | B15: ui-asset-pipeline
A16: 协作 Skill | B16: 无
... A23: 快照日期 | B23: 2026-09-23

Sheet 资产主表
A1: 资产主表 · 唯一登记源
A3: 查重键由公式生成；S 列出现“重复”时禁止制作，先合并或建立变体父子关系
A5: AssetID | B5: 中文名 | C5: 大类 | D5: 子类 | E5: 逻辑ID/源键 | F5: 组件槽 | G5: 变体父ID | H5: 视角 | I5: 状态/动画 | J5: 复用范围 | K5: 制作状态 | L5: 优先级 | M5: 版本 | N5: 规格(px) | O5: 文件路径 | P5: 源码/策划依据 | Q5: 关键词/别名 | R5: 查重键 | S5: 查重结果 | T5: SHA-256 | U5: 负责人 | V5: 更新时间 | W5: 来源/许可 | X5: 源编号（Blender collection） | Y5: 备注
A6: UI-SCREEN-HUD | B6: 战斗 HUD | C6: UI | D6: screen | E6: hud | F6: root | H6: 屏幕空间 | I6: default | J6: 跨分辨率 | K6: 原型已接入 | L6: P0 | M6: v002 | N6: 1280×720 基准；九宫格/矢量优先 | O6: scenes/Dungeon3D.tscn | P6: src/ui/GameUIManager.gd | R6: =LOWER(TRIM(C6)&"|"&TRIM(D6)&"|"&TRIM(E6)&"|"&TRIM(F6)&"|"&TRIM(H6)&"|"&TRIM(I6)) | S6: =IF(COUNTIF($R$6:$R$21,R6)>1,"重复","唯一") | T6: 87bf0961b7cc4e440181adc14af71a230053139d69cbf82fa35b2aed3616932a | U6: 待分配 | V6: 46264 | W6: 原创/待确认 | X6: — | Y6: v0.1：主游戏HUD升级为深色半透明青色全息面板，危险/撤离信息使用琥珀与绿色分层；小地图以20Hz实时更新当前楼层，显示玩家位置与朝向、扫描扇区、脉冲环、透视网格、已发现房间/连线和楼层纵向索引。 2026-08-30 AST-02：登记路径规范化 <空> → scenes/Dungeon3D.tscn；多实现/源码依据保留在P列。 2026-08-30 AST-02：补齐单一生产路径SHA；验收：verify_hud_presenter_3d；verify_3d_performance_budget；SHA 4e61089a3bcd。
A7: UI-SCREEN-MERCHANT | B7: 商人 | C7: UI | D7: screen | E7: merchant | F7: root | H7: 屏幕空间 | I7: default | J7: 跨分辨率 | K7: 程序占位 | L7: P2 | M7: v001 | N7: 1280×720 基准；九宫格/矢量优先 | P7: src/ui/MerchantUI.gd | R7: =LOWER(TRIM(C7)&"|"&TRIM(D7)&"|"&TRIM(E7)&"|"&TRIM(F7)&"|"&TRIM(H7)&"|"&TRIM(I7)) | S7: =IF(COUNTIF($R$6:$R$21,R7)>1,"重复","唯一") | U7: 待分配 | V7: 46224 | W7: 原创/待确认 | X7: — | Y7: 先建组件库，再做页面，避免每页重复画按钮/面板
A8: UI-SCREEN-WORKSHOP | B8: 枪械工坊 | C8: UI | D8: screen | E8: workshop | F8: root | H8: 屏幕空间 | I8: default | J8: 跨分辨率 | K8: 程序占位 | L8: P2 | M8: v001 | N8: 1280×720 基准；九宫格/矢量优先 | P8: src/ui/WorkshopMenu.gd | R8: =LOWER(TRIM(C8)&"|"&TRIM(D8)&"|"&TRIM(E8)&"|"&TRIM(F8)&"|"&TRIM(H8)&"|"&TRIM(I8)) | S8: =IF(COUNTIF($R$6:$R$21,R8)>1,"重复","唯一") | U8: 待分配 | V8: 46224 | W8: 原创/待确认 | X8: — | Y8: 先建组件库，再做页面，避免每页重复画按钮/面板
A9: UI-SCREEN-WORKBENCH | B9: 工作台 | C9: UI | D9: screen | E9: workbench | F9: root | H9: 屏幕空间 | I9: default | J9: 跨分辨率 | K9: 程序占位 | L9: P2 | M9: v001 | N9: 1280×720 基准；九宫格/矢量优先 | P9: src/ui/WorkbenchPanel.gd | R9: =LOWER(TRIM(C9)&"|"&TRIM(D9)&"|"&TRIM(E9)&"|"&TRIM(F9)&"|"&TRIM(H9)&"|"&TRIM(I9)) | S9: =IF(COUNTIF($R$6:$R$21,R9)>1,"重复","唯一") | U9: 待分配 | V9: 46224 | W9: 原创/待确认 | X9: — | Y9: 先建组件库，再做页面，避免每页重复画按钮/面板
A10: UI-SCREEN-WEAPON-TREE | B10: 武器装配树 | C10: UI | D10: screen | E10: weapon_tree | F10: root | H10: 屏幕空间 | I10: default | J10: 跨分辨率 | K10: 程序占位 | L10: P2 | M10: v001 | N10: 1280×720 基准；九宫格/矢量优先 | P10: src/ui/WeaponAssemblyTreePanel.gd | R10: =LOWER(TRIM(C10)&"|"&TRIM(D10)&"|"&TRIM(E10)&"|"&TRIM(F10)&"|"&TRIM(H10)&"|"&TRIM(I10)) | S10: =IF(COUNTIF($R$6:$R$21,R10)>1,"重复","唯一") | U10: 待分配 | V10: 46224 | W10: 原创/待确认 | X10: — | Y10: 先建组件库，再做页面，避免每页重复画按钮/面板
A11: UI-SCREEN-FATE-SELECT | B11: 命运卡选择 | C11: UI | D11: screen | E11: fate_select | F11: root | H11: 屏幕空间 | I11: default | J11: 跨分辨率 | K11: 程序占位 | L11: P2 | M11: v001 | N11: 1280×720 基准；九宫格/矢量优先 | P11: src/ui/FateCardUIController.gd | R11: =LOWER(TRIM(C11)&"|"&TRIM(D11)&"|"&TRIM(E11)&"|"&TRIM(F11)&"|"&TRIM(H11)&"|"&TRIM(I11)) | S11: =IF(COUNTIF($R$6:$R$21,R11)>1,"重复","唯一") | U11: 待分配 | V11: 46224 | W11: 原创/待确认 | X11: — | Y11: 先建组件库，再做页面，避免每页重复画按钮/面板
A12: UI-SCREEN-FATE-COLLECTION | B12: 命运卡收藏 | C12: UI | D12: screen | E12: fate_collection | F12: root | H12: 屏幕空间 | I12: default | J12: 跨分辨率 | K12: 程序占位 | L12: P2 | M12: v001 | N12: 1280×720 基准；九宫格/矢量优先 | P12: src/ui/FateCardCollectionMenu.gd | R12: =LOWER(TRIM(C12)&"|"&TRIM(D12)&"|"&TRIM(E12)&"|"&TRIM(F12)&"|"&TRIM(H12)&"|"&TRIM(I12)) | S12: =IF(COUNTIF($R$6:$R$21,R12)>1,"重复","唯一") | U12: 待分配 | V12: 46224 | W12: 原创/待确认 | X12: — | Y12: 先建组件库，再做页面，避免每页重复画按钮/面板
A13: UI-SCREEN-LEVEL-SELECT | B13: 远征全息城市选关 | C13: UI | D13: screen | E13: level_select | F13: root | H13: 世界空间3D近景 | I13: 主楼先起/双入口错峰/波浪扫描/方块粒子/倒序收起 | J13: 99F中央全息平台 | K13: 原型已接入 | L13: P0 | M13: v002 | N13: 平台上方2.25m×1.71m城市；径向密度衰减；GPU逐块升降；2座楼顶入口 | O13: assets/art/ui/expedition_city/hologram_city.tscn | P13: scenes/RogueMapSelectMenu.gd; src/ui/HologramCity3D.gd; docs/v0.1/design/远征全息城市交互设计.md | Q13: 远征情报室;全息城市;镜头拉近;远征01;测试99;3D选关 | R13: =LOWER(TRIM(C13)&"|"&TRIM(D13)&"|"&TRIM(E13)&"|"&TRIM(F13)&"|"&TRIM(H13)&"|"&TRIM(I13)) | S13: =IF(COUNTIF($R$6:$R$21,R13)>1,"重复","唯一") | T13: bcecf005d4052b9f701ae6c88fc659aeaf796dcb519f3ac8cdfe9e37d9d8357f | U13: Codex | V13: 46294 | W13: 项目原创程序几何；用户提供风格参考 | X13: — | Y13: 2026-09-29：按用户参考制作Box城市；近景后压暗；主楼优先/入口错峰/方块过渡；同场景世界空间入口。真实渲染/点击/键盘/手柄/返程通过，参考图像素级一致性未签署。
A14: UI-SCREEN-VAULT | B14: 保险柜 | C14: UI | D14: screen | E14: vault | F14: root | H14: 屏幕空间 | I14: default | J14: 跨分辨率 | K14: 程序占位 | L14: P2 | M14: v001 | N14: 1280×720 基准；九宫格/矢量优先 | P14: src/ui/VaultMenu.gd | R14: =LOWER(TRIM(C14)&"|"&TRIM(D14)&"|"&TRIM(E14)&"|"&TRIM(F14)&"|"&TRIM(H14)&"|"&TRIM(I14)) | S14: =IF(COUNTIF($R$6:$R$21,R14)>1,"重复","唯一") | U14: 待分配 | V14: 46224 | W14: 原创/待确认 | X14: — | Y14: 先建组件库，再做页面，避免每页重复画按钮/面板
A15: UI-SCREEN-MONSTER-ARCHIVE | B15: 怪物档案 | C15: UI | D15: screen | E15: monster_archive | F15: root | H15: 屏幕空间 | I15: default | J15: 跨分辨率 | K15: 程序占位 | L15: P2 | M15: v001 | N15: 1280×720 基准；九宫格/矢量优先 | P15: src/ui/MonsterArchiveMenu.gd | R15: =LOWER(TRIM(C15)&"|"&TRIM(D15)&"|"&TRIM(E15)&"|"&TRIM(F15)&"|"&TRIM(H15)&"|"&TRIM(I15)) | S15: =IF(COUNTIF($R$6:$R$21,R15)>1,"重复","唯一") | U15: 待分配 | V15: 46224 | W15: 原创/待确认 | X15: — | Y15: 先建组件库，再做页面，避免每页重复画按钮/面板
A16: UI-SCREEN-BASE-MENU | B16: 基地菜单 | C16: UI | D16: screen | E16: base_menu | F16: root | H16: 屏幕空间 | I16: default | J16: 跨分辨率 | K16: 程序占位 | L16: P2 | M16: v001 | N16: 1280×720 基准；九宫格/矢量优先 | P16: src/ui/BaseMenu.gd | R16: =LOWER(TRIM(C16)&"|"&TRIM(D16)&"|"&TRIM(E16)&"|"&TRIM(F16)&"|"&TRIM(H16)&"|"&TRIM(I16)) | S16: =IF(COUNTIF($R$6:$R$21,R16)>1,"重复","唯一") | U16: 待分配 | V16: 46224 | W16: 原创/待确认 | X16: — | Y16: 先建组件库，再做页面，避免每页重复画按钮/面板
A17: UI-SCREEN-MOBILE-CONTROLS | B17: 移动端控制 | C17: UI | D17: screen | E17: mobile_controls | F17: root | H17: 屏幕空间 | I17: default | J17: 跨分辨率 | K17: 程序占位 | L17: P2 | M17: v001 | N17: 1280×720 基准；九宫格/矢量优先 | P17: src/ui/MobileControls.gd | R17: =LOWER(TRIM(C17)&"|"&TRIM(D17)&"|"&TRIM(E17)&"|"&TRIM(F17)&"|"&TRIM(H17)&"|"&TRIM(I17)) | S17: =IF(COUNTIF($R$6:$R$21,R17)>1,"重复","唯一") | U17: 待分配 | V17: 46224 | W17: 原创/待确认 | X17: — | Y17: 先建组件库，再做页面，避免每页重复画按钮/面板
A18: UI-SCREEN-INVENTORY-3D | B18: 3D背包与保险界面 | C18: UI | D18: screen | E18: inventory | F18: root_3d | G18: UI-SCREEN-INVENTORY | H18: 屏幕空间 | I18: default | J18: 3D行动区 | K18: 原型已接入 | L18: P0 | M18: v002 | N18: 全屏Control/12+2槽/96×96投影 | O18: src/ui/InventoryUI.gd | P18: scenes/Dungeon3D.tscn | Q18: 背包;保险;I键;Tab;模态输入锁;3D道具投影;实际点击装备 | R18: =LOWER(TRIM(C18)&"|"&TRIM(D18)&"|"&TRIM(E18)&"|"&TRIM(F18)&"|"&TRIM(H18)&"|"&TRIM(I18)) | S18: =IF(COUNTIF($R$6:$R$21,R18)>1,"重复","唯一") | T18: bab8a57d3f4ad87eeb33f92a5bc409aa7b1e93ca981078fb02d77a8abaa2ba65 | U18: Codex | V18: 46264 | W18: 原创程序UI | X18: — | Y18: 复用背包根身份的3D子变体；I/Tab；打开时锁输入；道具共用 ItemModelFactory3D；实际 ItemSlot 信号完成换枪 ｜ 2026-08-07：左角色装备/右包裹网格；主副武器、背包装备、快捷物、物品与保险格统一正方形图标；深蓝黑+霓虹青+生命红语言。 2026-08-30 AST-02：合法内容更新；文件为Git已跟踪且修改时间不早于原台账日期；验收：verify_3d_inventory_weapon_flow；SHA ccd8f7d7f3c9→e2c3f432a561。
A19: UI-SCREEN-PAUSE-3D | B19: 3D共用暂停界面 | C19: UI | D19: screen | E19: pause | F19: root_3d | H19: 屏幕空间 | I19: default | J19: 地下城/基地/靶场 | K19: 已完成 | L19: P0 | M19: v001 | N19: PackedScene/全屏Control | O19: assets/art/ui/pause_3d/ui_pause_overlay_screen.tscn | P19: src/ui/PauseMenu3D.gd | Q19: 暂停;Esc;继续;全局模态;3D HUD | R19: =LOWER(TRIM(C19)&"|"&TRIM(D19)&"|"&TRIM(E19)&"|"&TRIM(F19)&"|"&TRIM(H19)&"|"&TRIM(I19)) | S19: =IF(COUNTIF($R$6:$R$21,R19)>1,"重复","唯一") | T19: 1562501df74afdbe5d57847632cc1d52a1453da9b1d5a9f40eed41cec942a57b | U19: Codex | V19: 46264 | W19: 原创程序UI | X19: — | Y19: 三张3D地图共用；Esc先关闭最上层模态，再进入真实暂停 2026-08-30 AST-02：合法内容更新；文件为Git已跟踪且修改时间不早于原台账日期；验收：verify_pause_game_save_reset_flow；SHA 8fed542ebf6b→47f097938d22。
A20: UI-ICON-ITEM-MODEL-3D | B20: 背包道具3D模型投影组件 | C20: UI | D20: icon | E20: item_model_icon | F20: root_3d | G20: UI-SCREEN-INVENTORY-3D | H20: 屏幕空间/3D投影 | I20: default | J20: 背包/保险格/道具预览 | K20: 原型已接入 | L20: P0 | M20: v001 | N20: 96×96 SubViewport/UPDATE_ONCE | O20: assets/art/ui/inventory_3d/ui_item_model_icon_root.tscn | P20: src/ui/ItemModelIcon3D.gd | Q20: 3D道具图标;模型投影;背包图标;共享世界模型;单次渲染 | R20: =LOWER(TRIM(C20)&"|"&TRIM(D20)&"|"&TRIM(E20)&"|"&TRIM(F20)&"|"&TRIM(H20)&"|"&TRIM(I20)) | S20: =IF(COUNTIF($R$6:$R$21,R20)>1,"重复","唯一") | T20: 97c10f3884107c1263f3de1f8bc1ce84bb568ecd80418b62bdb023c55cdab9fe | U20: Codex | V20: 46225 | W20: 原创程序UI | X20: — | Y20: 与地面拾取共用 ItemModelFactory3D；96×96 内部视口缩放至56px槽位；只渲染一次；验收图：assets/art/ui/inventory_3d/ui_inventory_item_model_preview_v001.png
A21: UI-SCREEN-BASE-VENDING | B21: 基地自动贩卖机商店界面 | C21: UI | D21: base_facility | E21: base_vending_shop | F21: screen | G21: UI-SCREEN-MERCHANT | H21: Screen | I21: default | J21: 基地自动贩卖机 | K21: 原型已接入 | L21: P0 | M21: v002 | N21: 1280×720自适应 | O21: scenes/BaseVendingMenu.tscn | P21: 用户设计+docs/v0.1/07_技术施工_基地设施.md | Q21: 基地商店; 购买; 出售; 3D物品图标 | R21: =LOWER(TRIM(C21)&"|"&TRIM(D21)&"|"&TRIM(E21)&"|"&TRIM(F21)&"|"&TRIM(H21)&"|"&TRIM(I21)) | S21: =IF(COUNTIF($R$6:$R$21,R21)>1,"重复","唯一") | T21: 064d8c1f92cfa6e1724bab0980520481cd8de44b384e498456e1d1be806a4c7d | U21: Codex | V21: 46264 | W21: 程序控件/原创 | X21: — | Y21: 左右买卖双栏；复用ItemModelIcon3D；资源与容量常驻；Esc退出 ｜ 2026-08-07：购买/出售改为3列商品卡网格，正方形ItemModelIcon3D，与I键背包同源；统一主HUD配色和按钮状态。 2026-08-30 AST-02：登记路径规范化 scenes/BaseVendingMenu.tscn; src/ui/BaseVendingMenu.gd → scenes/BaseVendingMenu.tscn；多实现/源码依据保留在P列。 2026-08-30 AST-02：补齐单一生产路径SHA；验收：verify_base_shop_save_flow；SHA 064d8c1f92cf。

Sheet 域变更日志
A1: UI账本变更日志
A3: 只记录本账本的域内变更；跨域与全局变更记录在主账本《版本记录》
A5: 台账版本 | B5: 日期 | C5: 变更类型 | D5: 范围 | E5: 说明 | F5: 兼容性 | G5: 负责人
A6: v0.2.0 | B6: 2026-09-23 | C6: P2 独立域拆分 | D6: UI | E6: 由表现资源账本拆出 17 条UI资产；本账本接管大类=UI，匹配独立 Skill 与验收流程。 | F6: AssetID、路径、SHA-256、制作状态与授权信息不变；仅账本归属和大类名称迁移。 | G6: Codex
A7: v0.2.1 | B7: 2026-09-29 | C7: 选关表现替换 | D7: UI-SCREEN-LEVEL-SELECT | E7: 原弹窗改为平台锚定全息城市及专属镜头 | F7: ID与出发携带物契约保持 | G7: Codex
